INSERT INTO Position (id, name)
VALUES (1, 'CEO'),
	(2, 'Service technician'),
	(3, 'Service advisor'),
	(4, 'Car mechanic'),
	(5, 'Car body technician'),
	(6, 'Quality control inspector'),
	(7, 'Parts manager'),
	(8, 'Service manager'),
	(9, 'Diagnostic technician'),
	(10, 'Detailer'),
	(11, 'Dispatcher'),
	(12, 'Sales and marketing specialist'),
	(13, 'Administrative assistant'),
	(14, 'Towing operator'),
	(15, 'Software technician'),
	(16, 'Custodian');

INSERT INTO City (id, name, province, population)
VALUES (1, 'Warszawa', 'Mazowieckie', 1860281),
	(2, 'Krakow', 'Malopolskie', 800653),
	(3, 'Lodz', 'Lodzkie', 690422),
	(4, 'Wroclaw', 'Dolnoslaskie', 672929),
	(5, 'Poznan', 'Wielkopolskie', 546859),
	(6, 'Gdansk', 'Pomorskie', 486022),
	(7, 'Szczecin', 'Zachodniopomorskie', 403833),
	(8, 'Bydgoszcz', 'Kujawsko-Pomorskie', 346739),
	(9, 'Lublin', 'Lubelskie', 339850),
	(10, 'Bielsko-Biala', 'Slaskie', 325000);

INSERT INTO Department (id, city_id, address)
VALUES (1, 1, 'al. Na Skarpie 46'),
	(2, 1, 'ZWM 31'),
	(3, 1, 'Grajewska 84'),
	(4, 2, 'Soltana 76'),
	(5, 2, 'Baborowska 71'),
	(6, 3, 'Naukowa 16'),
	(7, 4, 'Arktyczna 17'),
	(8, 5, 'Lubomira 44'),
	(9, 6, 'Plowce 67'),
	(10, 7, 'Noakowskiego 97'),
	(11, 8, 'Mozarta 49'),
	(12, 9, 'Bagatela 34'),
	(13, 10, 'Wilczy Dol 30');

INSERT INTO Osoba (id, imie, nazwisko, plec, email, nr_tel)
VALUES (1, 'Owidiusz', 'Tanowski', 1, 'owidiusz_tanowski327@email.com', '405 187 397'),
	(2, 'Dzem', 'Niemasz', 1, 'dzem-niemasz132@email.com', '686 433 079'),
	(3, 'Dargoslaw', 'Ciepala', 1, 'dargoslawciepala770@email.com', '046 264 381'),
	(4, 'Dobrogost', 'Otfinowski', 1, 'dobrogost_otfinowski47@email.com', '697 981 667'),
	(5, 'Justyn', 'Rosenhof', 1, 'justynrosenhof898@email.com', '118 821 833'),
	(6, 'Serwacy', 'Dasiak', 1, 'serwacy_dasiak480@email.com', '143 836 256'),
	(7, 'Godfryg', 'Korniszuk', 1, 'godfryg-korniszuk250@email.com', '387 048 076'),
	(8, 'Lucjan', 'Ramic', 1, 'lucjan_ramic845@email.com', '326 235 411'),
	(9, 'Hamza', 'Klewicz', 1, 'hamzaklewicz826@email.com', '258 220 956'),
	(10, 'Sofroniusz', 'Arceus', 1, 'sofroniusz_arceus554@email.com', '961 232 171'),
	(11, 'Budzislaw', 'Andruk', 1, 'budzislawandruk744@email.com', '448 867 263'),
	(12, 'Babeta', 'Kownatke', 0, 'babetakownatke789@email.com', '651 044 045'),
	(13, 'Protazy', 'Wieczak', 1, 'protazy-wieczak393@email.com', '890 173 754'),
	(14, 'Stela', 'Doleszczak', 0, 'stela-doleszczak123@email.com', '163 115 167'),
	(15, 'Witoslawa', 'Wetmanska', 0, 'witoslawa-wetmanska472@email.com', '787 580 002'),
	(16, 'Bogusz', 'Fomiczow', 1, 'bogusz_fomiczow758@email.com', '436 256 283'),
	(17, 'Radomira', 'Magolan', 0, 'radomira_magolan930@email.com', '376 903 307'),
	(18, 'Albertyna', 'Orzadowicz', 0, 'albertyna-orzadowicz236@email.com', '320 976 777'),
	(19, 'Leslaw', 'Nowochodzki', 1, 'leslaw_nowochodzki142@email.com', '381 976 419'),
	(20, 'Radomil', 'Gutmanski', 1, 'radomilgutmanski285@email.com', '600 781 761'),
	(21, 'Aida', 'Buslawska', 0, 'aida_buslawska796@email.com', '439 531 897'),
	(22, 'Ilia', 'Ciuperny', 0, 'ilia-ciuperny59@email.com', '461 433 363'),
	(23, 'Aldona', 'Kochanowska-Laren', 0, 'aldona_kochanowska-laren92@email.com', '489 603 074'),
	(24, 'Bogumil', 'Piotrzkowicz', 1, 'bogumil_piotrzkowicz607@email.com', '720 149 411'),
	(25, 'Walenty', 'Trowski', 1, 'walentytrowski591@email.com', '704 513 525'),
	(26, 'Bogna', 'Szaplyko', 0, 'bogna_szaplyko689@email.com', '042 213 816'),
	(27, 'Stanislaw', 'Thomann', 1, 'stanislawthomann330@email.com', '853 468 024'),
	(28, 'Boguchwala', 'Mosio-Mosiewska', 0, 'boguchwala_mosio-mosiewska410@email.com', '827 279 619'),
	(29, 'Tabita', 'Holinska', 0, 'tabita-holinska672@email.com', '691 989 183'),
	(30, 'Agrypin', 'Hucalo', 1, 'agrypin_hucalo167@email.com', '655 739 773'),
	(31, 'Teodora', 'Cwalin', 0, 'teodora_cwalin596@email.com', '523 098 372'),
	(32, 'Bogdal', 'Pion', 1, 'bogdal_pion510@email.com', '879 055 601'),
	(33, 'Herma', 'Motecha', 0, 'hermamotecha378@email.com', '121 465 760'),
	(34, 'Florian', 'Braz', 1, 'florian_braz157@email.com', '895 164 140'),
	(35, 'Nikola', 'Cholewo', 0, 'nikolacholewo749@email.com', '148 145 262'),
	(36, 'Jarowit', 'Ochremuk', 1, 'jarowit-ochremuk342@email.com', '232 729 284'),
	(37, 'Otokar', 'Schnitzer', 1, 'otokar-schnitzer576@email.com', '125 153 276'),
	(38, 'Artur', 'Lucja', 1, 'artur_lucja840@email.com', '920 922 527'),
	(39, 'Wieslaw', 'Berenthal', 1, 'wieslawberenthal942@email.com', '401 516 224'),
	(40, 'Kunegunda', 'Goslar', 0, 'kunegunda_goslar562@email.com', '268 732 826'),
	(41, 'Stefan', 'Kropiowski', 1, 'stefankropiowski810@email.com', '949 320 520'),
	(42, 'Felicjana', 'Mannhardt', 0, 'felicjana_mannhardt343@email.com', '467 819 679'),
	(43, 'Janusz', 'Kiermut', 1, 'janusz_kiermut606@email.com', '237 266 969'),
	(44, 'Marcjana', 'Jandziszak', 0, 'marcjana-jandziszak74@email.com', '895 152 690'),
	(45, 'Beata', 'Zbaraszczuk', 0, 'beata-zbaraszczuk345@email.com', '292 253 548'),
	(46, 'Wandelin', 'Grambur', 1, 'wandelingrambur632@email.com', '113 628 644'),
	(47, 'Gustawa', 'Sudenis', 0, 'gustawa-sudenis501@email.com', '393 421 424'),
	(48, 'Horacy', 'Andrian', 1, 'horacy-andrian41@email.com', '218 925 516'),
	(49, 'Klaudia', 'Hyczewska', 0, 'klaudia_hyczewska163@email.com', '062 876 706'),
	(50, 'Roland', 'Strzygowski', 1, 'rolandstrzygowski251@email.com', '618 703 661'),
	(51, 'Barnim', 'Epur', 1, 'barnim_epur699@email.com', '188 011 012'),
	(52, 'Arkadiusz', 'Donart', 1, 'arkadiusz-donart162@email.com', '016 675 712'),
	(53, 'Cezaria', 'Uribe', 0, 'cezaria-uribe436@email.com', '559 701 320'),
	(54, 'Jozefat', 'Wengrzyk', 1, 'jozefatwengrzyk187@email.com', '239 283 644'),
	(55, 'Szymon', 'Koszniec', 1, 'szymon_koszniec101@email.com', '866 626 280'),
	(56, 'Anastazy', 'Bandurow', 1, 'anastazy-bandurow737@email.com', '486 366 881'),
	(57, 'Ofelia', 'Unilowski', 0, 'ofeliaunilowski756@email.com', '661 958 992'),
	(58, 'Antoni', 'Ast', 1, 'antoniast548@email.com', '156 766 963'),
	(59, 'Wit', 'Jozefat', 1, 'wit_jozefat147@email.com', '188 767 341'),
	(60, 'Anatol', 'Kukielinski', 1, 'anatolkukielinski334@email.com', '804 676 972'),
	(61, 'Izydor', 'Dobaczewski', 1, 'izydor-dobaczewski472@email.com', '232 442 758'),
	(62, 'Rajner', 'Balys-Urbaniak', 1, 'rajner-balys-urbaniak656@email.com', '876 577 019'),
	(63, 'Marcin', 'Manachowski', 1, 'marcinmanachowski874@email.com', '046 146 965'),
	(64, 'Wahid', 'Czabala', 1, 'wahid-czabala201@email.com', '808 903 918'),
	(65, 'Fryc', 'Muskosz', 1, 'fryc_muskosz529@email.com', '271 273 068'),
	(66, 'Diana', 'Kiczela', 0, 'diana-kiczela267@email.com', '403 792 156'),
	(67, 'Jadwiga', 'Breitmann', 0, 'jadwiga_breitmann538@email.com', '599 376 650'),
	(68, 'Ludwina', 'Kahtan', 0, 'ludwina_kahtan144@email.com', '085 769 003'),
	(69, 'Kajfasz', 'Loose', 1, 'kajfasz-loose562@email.com', '950 641 707'),
	(70, 'Emma', 'Keszczyk', 0, 'emma_keszczyk526@email.com', '601 043 004'),
	(71, 'Adelajda', 'Staderska', 0, 'adelajda_staderska316@email.com', '109 802 729'),
	(72, 'Gawel', 'Kusnierczyk', 1, 'gawelkusnierczyk828@email.com', '031 466 603'),
	(73, 'Korneliusz', 'Dziatosz', 1, 'korneliusz-dziatosz468@email.com', '469 871 757'),
	(74, 'Ladyslaw', 'Norkiewicz', 1, 'ladyslawnorkiewicz269@email.com', '333 227 563'),
	(75, 'Chwalibog', 'Balko', 1, 'chwalibogbalko317@email.com', '025 970 007'),
	(76, 'Kwietoslaw', 'Szulewa', 1, 'kwietoslaw-szulewa874@email.com', '860 215 938'),
	(77, 'Oksana', 'Suzgun', 0, 'oksana-suzgun814@email.com', '280 803 169'),
	(78, 'Korneli', 'Wychudzki', 1, 'korneli-wychudzki637@email.com', '615 283 526'),
	(79, 'Patryk', 'Niemczyn', 1, 'patryk-niemczyn900@email.com', '312 902 279'),
	(80, 'Justynian', 'Bzdega', 1, 'justynianbzdega289@email.com', '488 676 917'),
	(81, 'Izydora', 'Kalagasidis', 0, 'izydora_kalagasidis285@email.com', '608 775 110'),
	(82, 'Agaton', 'Chaborski', 1, 'agatonchaborski357@email.com', '970 360 716'),
	(83, 'Cecylia', 'Wilk-Kowalska', 0, 'cecyliawilk-kowalska879@email.com', '023 568 908'),
	(84, 'Syriusz', 'Szmejda', 1, 'syriusz-szmejda772@email.com', '550 792 734'),
	(85, 'Abigail', 'Gorecka-Zajac', 0, 'abigailgorecka-zajac310@email.com', '272 323 801'),
	(86, 'Aldona', 'Misiulajtis', 0, 'aldona_misiulajtis957@email.com', '463 826 118'),
	(87, 'Wiara', 'Hirszmajer', 0, 'wiarahirszmajer811@email.com', '843 142 933'),
	(88, 'Erwin', 'Chruslak', 1, 'erwinchruslak998@email.com', '008 020 387'),
	(89, 'Zywislawa', 'Dreling', 0, 'zywislawadreling857@email.com', '642 020 728'),
	(90, 'Augustyna', 'Acedanska', 0, 'augustyna_acedanska122@email.com', '950 934 449'),
	(91, 'Adrianna', 'Harlender', 0, 'adrianna-harlender46@email.com', '248 755 483'),
	(92, 'Roza', 'Skrocki', 0, 'rozaskrocki179@email.com', '751 682 458'),
	(93, 'Arnold', 'Zobel', 1, 'arnold-zobel890@email.com', '177 285 341'),
	(94, 'Hilary', 'Laszyn', 1, 'hilary_laszyn802@email.com', '968 163 815'),
	(95, 'Beat', 'Dziewialtowicz', 1, 'beat_dziewialtowicz129@email.com', '720 448 530'),
	(96, 'Beata', 'Woicka', 0, 'beata-woicka551@email.com', '490 127 509'),
	(97, 'Aniela', 'Gordziejowska', 0, 'anielagordziejowska804@email.com', '465 371 886'),
	(98, 'Bromira', 'Szacht', 0, 'bromiraszacht938@email.com', '412 116 015'),
	(99, 'Magdalena', 'Silna', 0, 'magdalena-silna558@email.com', '417 133 506'),
	(100, 'Witoslaw', 'Siudem', 1, 'witoslaw_siudem425@email.com', '917 488 532'),
	(101, 'Latifa', 'Nieczyglebska', 0, 'latifa-nieczyglebska431@email.com', '454 869 414'),
	(102, 'Huberta', 'Ciupider', 0, 'hubertaciupider993@email.com', '274 668 305'),
	(103, 'Dominik', 'Cieciel', 1, 'dominik-cieciel278@email.com', '048 666 109'),
	(104, 'Arleta', 'Doleczych', 0, 'arleta-doleczych47@email.com', '047 595 207'),
	(105, 'Gerwazy', 'Mundala', 1, 'gerwazy_mundala461@email.com', '523 749 583'),
	(106, 'Kleopatra', 'Fedorszczak', 0, 'kleopatra_fedorszczak735@email.com', '092 108 857'),
	(107, 'Orian', 'Kaszlej', 1, 'orian_kaszlej354@email.com', '143 965 596'),
	(108, 'Emir', 'Sirega', 1, 'emir_sirega956@email.com', '184 140 996'),
	(109, 'Narcyza', 'Pawlenczuk', 0, 'narcyzapawlenczuk832@email.com', '784 194 081'),
	(110, 'Slawa', 'Stobieniecka', 0, 'slawastobieniecka556@email.com', '659 189 226'),
	(111, 'Renata', 'Szakszon', 0, 'renata-szakszon431@email.com', '730 015 335'),
	(112, 'Nasif', 'Kostkowski', 1, 'nasifkostkowski636@email.com', '772 818 984'),
	(113, 'Wlodzimierz', 'Kijenia', 1, 'wlodzimierz-kijenia110@email.com', '171 536 070'),
	(114, 'Kornel-Korni', 'Marunski', 1, 'kornel-korni_marunski675@email.com', '268 747 252'),
	(115, 'Dilara', 'Ramotowska-Zielinska', 0, 'dilararamotowska-zielinska603@email.com', '631 159 895'),
	(116, 'Marcjana', 'Skoplak', 0, 'marcjana_skoplak55@email.com', '150 803 193'),
	(117, 'Rufus', 'Jegierski', 1, 'rufusjegierski381@email.com', '327 221 070'),
	(118, 'Milowit', 'Molino', 1, 'milowit_molino230@email.com', '995 971 880'),
	(119, 'Mirabela', 'Poliniewicz', 0, 'mirabelapoliniewicz104@email.com', '714 186 442'),
	(120, 'Danislawa', 'Broszczakowska', 0, 'danislawa-broszczakowska813@email.com', '446 189 736'),
	(121, 'Tulimira', 'Chyziewicz', 0, 'tulimirachyziewicz838@email.com', '573 231 691'),
	(122, 'Stamira', 'Niedzwiecki', 0, 'stamira_niedzwiecki434@email.com', '587 407 514'),
	(123, 'Strzezymir', 'Dulniawka', 1, 'strzezymir_dulniawka89@email.com', '168 745 324'),
	(124, 'Henryka', 'Rutkowska-Swider', 0, 'henrykarutkowska-swider968@email.com', '772 778 890'),
	(125, 'Florian', 'Szczypala', 1, 'florian-szczypala648@email.com', '568 990 239'),
	(126, 'Hilary', 'Jurss', 1, 'hilary-jurss698@email.com', '276 978 350'),
	(127, 'Metody', 'Hisztin', 1, 'metody-hisztin428@email.com', '056 820 317'),
	(128, 'Jolanta', 'Salusz', 0, 'jolantasalusz466@email.com', '169 982 217'),
	(129, 'Adela', 'Fiksek', 0, 'adela-fiksek834@email.com', '232 743 089'),
	(130, 'Oliwia', 'Zyrolis', 0, 'oliwia-zyrolis438@email.com', '727 009 189'),
	(131, 'Wieslaw', 'Skajewski', 1, 'wieslawskajewski106@email.com', '231 354 276'),
	(132, 'Hiacynta', 'Okon-Betcher', 0, 'hiacynta_okon-betcher766@email.com', '356 659 447'),
	(133, 'Fryderyka', 'Dzierbuk', 0, 'fryderyka-dzierbuk500@email.com', '081 429 438'),
	(134, 'Adela', 'Koloch', 0, 'adelakoloch905@email.com', '740 298 253'),
	(135, 'Edward', 'Tomaszko', 1, 'edward-tomaszko428@email.com', '427 717 940'),
	(136, 'Zytomi', 'Winata', 1, 'zytomi_winata291@email.com', '901 440 061'),
	(137, 'Sebastiana', 'Pankowska-Czerwinska', 0, 'sebastianapankowska-czerwinska749@email.com', '640 734 582'),
	(138, 'Modest', 'Sadkowski', 1, 'modestsadkowski910@email.com', '658 139 445'),
	(139, 'Ofelia', 'Gortel', 0, 'ofeliagortel293@email.com', '813 426 289'),
	(140, 'Florentyn', 'Siekierka', 1, 'florentyn-siekierka731@email.com', '736 248 228'),
	(141, 'Przedpelk', 'Duchewicz', 1, 'przedpelk-duchewicz350@email.com', '870 192 189'),
	(142, 'Marcjan', 'Nitsze', 1, 'marcjannitsze301@email.com', '008 334 412'),
	(143, 'Leokadia', 'Szwarc-Walkowiak', 0, 'leokadia_szwarc-walkowiak221@email.com', '173 324 672'),
	(144, 'Owidiusz', 'Niemczynski', 1, 'owidiuszniemczynski766@email.com', '461 743 624'),
	(145, 'Henryka', 'Kurdynowska', 0, 'henryka-kurdynowska800@email.com', '914 535 760'),
	(146, 'Strzezymir', 'Nottke', 1, 'strzezymir-nottke10@email.com', '380 613 135'),
	(147, 'Cieslawa', 'Sieslak', 0, 'cieslawasieslak177@email.com', '578 884 190'),
	(148, 'Stoigniew', 'Celka', 1, 'stoigniewcelka542@email.com', '768 760 307'),
	(149, 'Zelislaw', 'Holiat', 1, 'zelislaw-holiat291@email.com', '453 555 552'),
	(150, 'Emina', 'Kalke', 0, 'eminakalke38@email.com', '531 251 294'),
	(151, 'Najmila', 'Skwarko', 0, 'najmila-skwarko190@email.com', '928 489 170'),
	(152, 'Ligia', 'Slojka', 0, 'ligiaslojka475@email.com', '456 072 991'),
	(153, 'Roland', 'Mrozek', 1, 'roland_mrozek716@email.com', '293 221 673'),
	(154, 'Fabiola', 'Modrzewiecka', 0, 'fabiolamodrzewiecka739@email.com', '241 357 837'),
	(155, 'Eryka', 'Przeradowska', 0, 'eryka_przeradowska564@email.com', '674 281 968'),
	(156, 'Cyprian', 'Cieslarczyk', 1, 'cyprian_cieslarczyk993@email.com', '289 680 230'),
	(157, 'Eryk', 'Najdziak', 1, 'eryknajdziak977@email.com', '063 508 739'),
	(158, 'Oksana', 'Siewirska', 0, 'oksana_siewirska827@email.com', '153 391 998'),
	(159, 'Angela', 'Jonska-Wesoly', 0, 'angelajonska-wesoly964@email.com', '593 098 306'),
	(160, 'Lubogost', 'Kazimierczyk', 1, 'lubogostkazimierczyk423@email.com', '318 949 848'),
	(161, 'Miroslawa', 'Kalebasiak', 0, 'miroslawakalebasiak394@email.com', '351 428 076'),
	(162, 'Alfreda', 'Wisniewska-Zuk', 0, 'alfredawisniewska-zuk539@email.com', '718 726 833'),
	(163, 'Gustawa', 'Girczyc', 0, 'gustawa_girczyc38@email.com', '561 178 659'),
	(164, 'Annasz', 'Gozdolek', 1, 'annasz_gozdolek998@email.com', '853 857 572'),
	(165, 'Ferdynand', 'Karpala', 1, 'ferdynand_karpala10@email.com', '250 724 786'),
	(166, 'Roderyk', 'Marciszewicz', 1, 'roderyk-marciszewicz485@email.com', '817 489 337'),
	(167, 'Jarad', 'Hereda', 1, 'jaradhereda366@email.com', '374 653 435'),
	(168, 'Marta', 'Widlowska', 0, 'martawidlowska857@email.com', '215 167 056'),
	(169, 'Wolimir', 'Osmanczyk', 1, 'wolimirosmanczyk785@email.com', '224 334 251'),
	(170, 'Ingryda', 'Zygota', 0, 'ingryda-zygota323@email.com', '068 322 715'),
	(171, 'Lubogost', 'Tondytko', 1, 'lubogost-tondytko798@email.com', '351 083 984'),
	(172, 'Boguslaw', 'Fastriok', 1, 'boguslaw-fastriok243@email.com', '720 328 486'),
	(173, 'Julian', 'Luczuk', 1, 'julian_luczuk64@email.com', '970 786 933'),
	(174, 'Strzezymir', 'Trapiszczonek', 1, 'strzezymir_trapiszczonek691@email.com', '997 977 851'),
	(175, 'Gracjana', 'Zaluskowska', 0, 'gracjana-zaluskowska391@email.com', '563 556 127'),
	(176, 'Kinga', 'Dziaczko', 0, 'kinga_dziaczko406@email.com', '985 441 986'),
	(177, 'Delia', 'Gardenik', 0, 'delia_gardenik423@email.com', '782 371 326'),
	(178, 'Tatiana', 'Inorowicz', 0, 'tatianainorowicz931@email.com', '571 725 090'),
	(179, 'Donat', 'Bogaszewski', 1, 'donat_bogaszewski973@email.com', '759 625 363'),
	(180, 'Delfina', 'Zupranska', 0, 'delfinazupranska182@email.com', '338 899 431'),
	(181, 'Rozwita', 'Moral', 0, 'rozwita-moral789@email.com', '427 425 311'),
	(182, 'Maryla', 'Hieronimek', 0, 'marylahieronimek26@email.com', '948 681 037'),
	(183, 'Roch', 'Ratalo', 1, 'roch-ratalo184@email.com', '567 965 579'),
	(184, 'Ferdynanda', 'Grecz', 0, 'ferdynandagrecz436@email.com', '923 811 060'),
	(185, 'Zyta', 'Gorska-Brzezinska', 0, 'zyta-gorska-brzezinska767@email.com', '101 522 559'),
	(186, 'Eryk', 'Rzadkiewa', 1, 'eryk-rzadkiewa260@email.com', '610 353 706'),
	(187, 'Stanislawa', 'Goddet', 0, 'stanislawa-goddet982@email.com', '144 795 201'),
	(188, 'Albina', 'Bostonska', 0, 'albina-bostonska761@email.com', '906 438 497'),
	(189, 'Agrypin', 'Stegman', 1, 'agrypin_stegman561@email.com', '820 022 830'),
	(190, 'Rebeka', 'Horniak', 0, 'rebeka-horniak687@email.com', '252 437 703'),
	(191, 'Sonia', 'Fieduna', 0, 'sonia-fieduna157@email.com', '073 599 326'),
	(192, 'Oksana', 'Pichanska', 0, 'oksanapichanska607@email.com', '498 283 028'),
	(193, 'Abraham', 'Krosniak', 1, 'abraham_krosniak899@email.com', '436 409 169'),
	(194, 'Tulimierz', 'Pfandler', 1, 'tulimierz_pfandler801@email.com', '771 832 412'),
	(195, 'Benon', 'Karabay', 1, 'benon-karabay905@email.com', '419 135 239'),
	(196, 'Ewaryst', 'Stefanyszyn', 1, 'ewaryst-stefanyszyn91@email.com', '115 703 212'),
	(197, 'Jaslawa', 'Kamratowska', 0, 'jaslawakamratowska192@email.com', '367 155 870'),
	(198, 'Grazyna', 'Tofalska', 0, 'grazynatofalska32@email.com', '585 270 868'),
	(199, 'Sobieslaw', 'Zenkin', 1, 'sobieslaw-zenkin994@email.com', '410 133 987'),
	(200, 'Mikolaj', 'Letmanowski', 1, 'mikolajletmanowski596@email.com', '981 941 824'),
	(201, 'Tatiana', 'Strydom', 0, 'tatiana-strydom170@email.com', '835 357 372'),
	(202, 'Justyna', 'Szerffel', 0, 'justyna_szerffel153@email.com', '400 236 139'),
	(203, 'Wincenty', 'Szenyk', 1, 'wincentyszenyk458@email.com', '389 245 632'),
	(204, 'Bolelut', 'Wojniarkiewicz', 1, 'bolelut-wojniarkiewicz928@email.com', '803 464 542'),
	(205, 'Eliza', 'Basgier', 0, 'eliza_basgier693@email.com', '982 922 253'),
	(206, 'Maryla', 'Bechmann', 0, 'maryla_bechmann733@email.com', '673 358 453'),
	(207, 'Wendelin', 'Krol-Toporek', 1, 'wendelin-krol-toporek988@email.com', '379 817 147'),
	(208, 'Lilia', 'Marciszek', 0, 'lilia-marciszek239@email.com', '263 929 802'),
	(209, 'Beniamina', 'Handkiewicz', 0, 'beniamina-handkiewicz642@email.com', '249 937 327'),
	(210, 'Gustawa', 'Kweczer', 0, 'gustawa-kweczer305@email.com', '392 019 610'),
	(211, 'Aniol', 'Plodowski', 1, 'aniol_plodowski246@email.com', '746 522 680'),
	(212, 'Leopolda', 'Pluszka', 0, 'leopolda-pluszka915@email.com', '590 627 011'),
	(213, 'Maja', 'Kamska', 0, 'majakamska483@email.com', '529 368 362'),
	(214, 'Gertruda', 'Grochalak', 0, 'gertruda-grochalak307@email.com', '931 481 933'),
	(215, 'Wincenty', 'Nielepkowicz', 1, 'wincenty-nielepkowicz788@email.com', '021 818 255'),
	(216, 'Ernest', 'Mancaj', 1, 'ernestmancaj400@email.com', '305 100 470'),
	(217, 'Emina', 'Schampera', 0, 'eminaschampera723@email.com', '803 109 679'),
	(218, 'Stoislaw', 'Fiedorako', 1, 'stoislawfiedorako110@email.com', '796 330 356'),
	(219, 'Hermana', 'Sendorek', 0, 'hermanasendorek569@email.com', '887 125 653'),
	(220, 'Zelislawa', 'Pieluszczak', 0, 'zelislawa-pieluszczak301@email.com', '756 001 504'),
	(221, 'Marcjan', 'Peszkowski', 1, 'marcjan-peszkowski253@email.com', '945 753 822'),
	(222, 'Aida', 'Ossuch', 0, 'aida-ossuch658@email.com', '771 391 528'),
	(223, 'Ulryka', 'Skowerenda', 0, 'ulryka_skowerenda526@email.com', '981 261 985'),
	(224, 'Kazimierz', 'Tomyn', 1, 'kazimierz_tomyn508@email.com', '534 485 920'),
	(225, 'Milogost', 'Lijewski', 1, 'milogostlijewski669@email.com', '687 388 168'),
	(226, 'Janusz', 'Niekraszewicz', 1, 'janusz-niekraszewicz137@email.com', '133 053 946'),
	(227, 'Zuzanna', 'Najdewska', 0, 'zuzanna-najdewska754@email.com', '404 998 669'),
	(228, 'Lechoslaw', 'Tyrkalski', 1, 'lechoslaw_tyrkalski188@email.com', '848 018 315'),
	(229, 'Przemyslaw', 'Lohunko', 1, 'przemyslawlohunko645@email.com', '950 899 646'),
	(230, 'Lucjan', 'Szeminski', 1, 'lucjan_szeminski113@email.com', '401 057 541'),
	(231, 'Ludolfa', 'Bober-Sowa', 0, 'ludolfa_bober-sowa253@email.com', '042 173 933'),
	(232, 'Przemysl', 'Kralj', 1, 'przemysl-kralj663@email.com', '507 338 202'),
	(233, 'Emilia', 'Stanczykiewicz', 0, 'emilia-stanczykiewicz380@email.com', '779 594 659'),
	(234, 'Dargoslawa', 'Gopek', 0, 'dargoslawa_gopek687@email.com', '201 378 246'),
	(235, 'Bodoslaw', 'Popin', 1, 'bodoslawpopin27@email.com', '201 112 095'),
	(236, 'Telimena', 'Lewandowska-Gorska', 0, 'telimena_lewandowska-gorska782@email.com', '394 720 940'),
	(237, 'Szejma', 'Kotyrba', 0, 'szejma-kotyrba311@email.com', '015 723 024'),
	(238, 'Patrycjusz', 'Liwak', 1, 'patrycjusz_liwak933@email.com', '217 236 296'),
	(239, 'Pola', 'Wandyk', 0, 'polawandyk535@email.com', '517 256 891'),
	(240, 'Herakles', 'Ogienko', 1, 'herakles-ogienko397@email.com', '693 643 842'),
	(241, 'Radoslaw', 'Rymarczuk', 1, 'radoslaw_rymarczuk756@email.com', '032 442 974'),
	(242, 'Gerard', 'Spasowski', 1, 'gerard_spasowski472@email.com', '126 118 473'),
	(243, 'Hieronim', 'Wietoszko', 1, 'hieronim_wietoszko947@email.com', '231 714 153'),
	(244, 'Lagoda', 'Cerbniak', 0, 'lagoda_cerbniak348@email.com', '735 871 591'),
	(245, 'Anastazy', 'Chohan', 1, 'anastazy_chohan539@email.com', '937 392 743'),
	(246, 'Leonard', 'Ryckiewicz', 1, 'leonard-ryckiewicz338@email.com', '312 729 412'),
	(247, 'Gerard', 'Thielemann', 1, 'gerard-thielemann997@email.com', '498 735 121'),
	(248, 'Gniewomir', 'Trzajna', 1, 'gniewomir-trzajna321@email.com', '269 718 223'),
	(249, 'Zaira', 'Wezgraj', 0, 'zairawezgraj881@email.com', '277 760 793'),
	(250, 'Nikita', 'Gerwicka', 0, 'nikita_gerwicka98@email.com', '714 811 290'),
	(251, 'Otton', 'Kurzetkowski', 1, 'otton_kurzetkowski499@email.com', '672 815 449'),
	(252, 'Efraim', 'Stiens', 1, 'efraim_stiens420@email.com', '667 241 731'),
	(253, 'Przemyslaw', 'Obszarny', 1, 'przemyslaw_obszarny113@email.com', '306 724 990'),
	(254, 'Jozefat', 'Granasiuk', 1, 'jozefat-granasiuk824@email.com', '575 286 340'),
	(255, 'Ewald', 'Kluczuk', 1, 'ewald_kluczuk911@email.com', '218 675 283'),
	(256, 'Narcyza', 'Maline', 0, 'narcyzamaline747@email.com', '790 316 410'),
	(257, 'Jolanta', 'Skajnowska', 0, 'jolanta_skajnowska511@email.com', '253 299 508'),
	(258, 'Ireneusz', 'Akier', 1, 'ireneusz-akier357@email.com', '863 746 095'),
	(259, 'Dana', 'Redlikowska', 0, 'danaredlikowska441@email.com', '972 408 673'),
	(260, 'Tomislaw', 'Pastuchewicz', 1, 'tomislaw-pastuchewicz539@email.com', '753 171 615'),
	(261, 'Zyta', 'Dota', 0, 'zytadota287@email.com', '532 864 202'),
	(262, 'Bromira', 'Bugarewicz', 0, 'bromira_bugarewicz734@email.com', '975 007 012'),
	(263, 'Faris', 'Wacarz', 1, 'faris_wacarz984@email.com', '023 845 324'),
	(264, 'Szarlin', 'Podolec', 0, 'szarlin-podolec497@email.com', '232 093 364'),
	(265, 'Gerwazy', 'Spirz', 1, 'gerwazyspirz392@email.com', '876 902 140'),
	(266, 'Emanuela', 'Kulakow', 0, 'emanuelakulakow901@email.com', '806 851 838'),
	(267, 'Cinoslawa', 'Iwa', 0, 'cinoslawa-iwa80@email.com', '306 099 350'),
	(268, 'Laila', 'Mrowietz', 0, 'laila_mrowietz204@email.com', '045 467 814'),
	(269, 'Odeta', 'Sendobra', 0, 'odetasendobra102@email.com', '414 617 076'),
	(270, 'Iwon', 'Ared', 1, 'iwonared296@email.com', '070 695 489'),
	(271, 'Bartlomiej', 'Gawianowski', 1, 'bartlomiej_gawianowski999@email.com', '637 387 847'),
	(272, 'Morzena', 'Wernicke', 0, 'morzenawernicke446@email.com', '750 854 921'),
	(273, 'Milogost', 'Gruenert', 1, 'milogost-gruenert57@email.com', '249 606 012'),
	(274, 'Amira', 'Brzuscinska', 0, 'amira-brzuscinska603@email.com', '150 914 335'),
	(275, 'Afra', 'Krippner', 0, 'afra-krippner576@email.com', '633 233 401'),
	(276, 'Czeslawa', 'Polejczuk', 0, 'czeslawapolejczuk251@email.com', '073 143 012'),
	(277, 'Leopold', 'Bulbiak', 1, 'leopold-bulbiak596@email.com', '967 749 230'),
	(278, 'Karolina', 'Maniuk', 0, 'karolinamaniuk463@email.com', '219 516 858'),
	(279, 'Igor', 'Laczynski', 1, 'igorlaczynski490@email.com', '954 558 017'),
	(280, 'Aldona', 'Wlada', 0, 'aldona_wlada786@email.com', '314 398 040'),
	(281, 'Donata', 'Talapka', 0, 'donata_talapka805@email.com', '215 975 469'),
	(282, 'Amber', 'Kuczmylo', 0, 'amber_kuczmylo247@email.com', '126 988 206'),
	(283, 'Otton', 'Namolnik', 1, 'otton-namolnik83@email.com', '249 799 839'),
	(284, 'Ferdynanda', 'Wida', 0, 'ferdynandawida286@email.com', '201 153 112'),
	(285, 'Oktawiusz', 'Wolant', 1, 'oktawiusz-wolant451@email.com', '777 379 725'),
	(286, 'Fryderyk', 'Hejnowicz', 1, 'fryderyk_hejnowicz94@email.com', '441 217 191'),
	(287, 'Aldona', 'Kajchel', 0, 'aldona_kajchel787@email.com', '957 599 531'),
	(288, 'Nika', 'Szczerbik', 0, 'nika-szczerbik36@email.com', '584 384 259'),
	(289, 'Wlodzimiera', 'Deol', 0, 'wlodzimiera-deol667@email.com', '579 610 200'),
	(290, 'Alicja', 'Nebus', 0, 'alicjanebus78@email.com', '226 135 125'),
	(291, 'Rebeka', 'Nietrebiak', 0, 'rebekanietrebiak421@email.com', '036 836 045'),
	(292, 'Alfred', 'Luczek', 1, 'alfred_luczek234@email.com', '250 749 037'),
	(293, 'Pamela', 'Lewandowska-Zimna', 0, 'pamelalewandowska-zimna868@email.com', '465 082 139'),
	(294, 'Matylda', 'Wujanowska', 0, 'matylda-wujanowska625@email.com', '873 717 067'),
	(295, 'Gawel', 'Batura-Baturewicz', 1, 'gawelbatura-baturewicz100@email.com', '237 703 434'),
	(296, 'Sedomira', 'Okunowska', 0, 'sedomira_okunowska859@email.com', '101 063 465'),
	(297, 'Mojzesz', 'Kruszeniuk', 1, 'mojzeszkruszeniuk884@email.com', '530 480 864'),
	(298, 'Eliza', 'Zoludkiewicz', 0, 'eliza_zoludkiewicz865@email.com', '682 803 446'),
	(299, 'Boryslaw', 'Surgiewicz', 1, 'boryslaw_surgiewicz708@email.com', '452 954 559'),
	(300, 'Norberta', 'Grendas', 0, 'norberta-grendas790@email.com', '830 751 954'),
	(301, 'Walid', 'Bubetty', 1, 'walid-bubetty808@email.com', '245 728 061'),
	(302, 'Sybilla', 'Ascilowska', 0, 'sybillaascilowska47@email.com', '064 132 115'),
	(303, 'Kinga', 'Koceja', 0, 'kinga_koceja321@email.com', '106 415 455'),
	(304, 'Tacjana', 'Selwant', 0, 'tacjanaselwant996@email.com', '349 905 000'),
	(305, 'Florentyn', 'Poniz', 1, 'florentyn-poniz98@email.com', '652 583 056'),
	(306, 'Tegomira', 'Sworst', 0, 'tegomira-sworst308@email.com', '679 551 309'),
	(307, 'Wilhelm', 'Price', 1, 'wilhelmprice123@email.com', '082 766 682'),
	(308, 'Danko', 'Bombelka', 1, 'danko-bombelka27@email.com', '029 890 790'),
	(309, 'Jaroslaw', 'Przeniczny', 1, 'jaroslaw-przeniczny520@email.com', '844 593 095'),
	(310, 'Kleopatra', 'Musikowska', 0, 'kleopatra-musikowska833@email.com', '828 309 316'),
	(311, 'Kilian', 'Gorczok', 1, 'kilian-gorczok61@email.com', '737 144 773'),
	(312, 'Starwit', 'Dorobiala', 1, 'starwitdorobiala238@email.com', '370 471 072'),
	(313, 'Agrypin', 'Burdyn', 1, 'agrypin_burdyn255@email.com', '794 891 515'),
	(314, 'Chwalislawa', 'Zoltowlos', 0, 'chwalislawa_zoltowlos238@email.com', '296 729 488'),
	(315, 'Krzysztof', 'Bisztrai', 1, 'krzysztofbisztrai361@email.com', '173 827 679'),
	(316, 'Donat', 'Bigalke', 1, 'donat_bigalke781@email.com', '783 096 644'),
	(317, 'Onufry', 'Taskajew', 1, 'onufry_taskajew684@email.com', '463 270 619'),
	(318, 'Celina', 'Duchcik', 0, 'celinaduchcik637@email.com', '089 798 888'),
	(319, 'Alina', 'Wozniakowska', 0, 'alinawozniakowska709@email.com', '432 677 778'),
	(320, 'Feliksa', 'Choc', 0, 'feliksa_choc561@email.com', '737 501 045'),
	(321, 'Karola', 'Laird', 0, 'karola_laird430@email.com', '958 978 849'),
	(322, 'Aleksa', 'Demska-Barrie', 0, 'aleksa-demska-barrie765@email.com', '370 019 280'),
	(323, 'Nasif', 'Kusztala', 1, 'nasif_kusztala971@email.com', '582 289 999'),
	(324, 'Jur', 'Nastanski', 1, 'jur_nastanski4@email.com', '979 521 697'),
	(325, 'Kaja', 'Hoga', 0, 'kajahoga875@email.com', '019 028 930'),
	(326, 'Herbert', 'Slonimski', 1, 'herbert_slonimski686@email.com', '321 111 068'),
	(327, 'Narcyza', 'Wojtkowicz', 0, 'narcyza-wojtkowicz148@email.com', '610 976 450'),
	(328, 'Eliot', 'Wscislo', 1, 'eliot_wscislo932@email.com', '174 983 079'),
	(329, 'Swietoslaw', 'Telbusiewicz', 1, 'swietoslawtelbusiewicz72@email.com', '300 448 254'),
	(330, 'Kinga', 'Strzoda', 0, 'kinga-strzoda622@email.com', '896 709 270'),
	(331, 'Eligiusz', 'Stanikowski', 1, 'eligiusz-stanikowski722@email.com', '737 829 666'),
	(332, 'Maurycjusz', 'Polarek', 1, 'maurycjuszpolarek266@email.com', '591 430 903'),
	(333, 'Felicja', 'Kiriczenko', 0, 'felicja_kiriczenko487@email.com', '507 466 136'),
	(334, 'Jozefina', 'Wojnicka-Wlazlo', 0, 'jozefina-wojnicka-wlazlo101@email.com', '301 341 573'),
	(335, 'Benedykta', 'Libertowska', 0, 'benedykta_libertowska829@email.com', '808 454 485'),
	(336, 'Sara', 'Melon-Mika', 0, 'saramelon-mika75@email.com', '769 775 774'),
	(337, 'Floriana', 'Boruszczak', 0, 'floriana-boruszczak763@email.com', '616 801 619'),
	(338, 'Felicjana', 'Tyjenska', 0, 'felicjana_tyjenska822@email.com', '008 830 922'),
	(339, 'Macieja', 'Duszczyk', 0, 'macieja_duszczyk214@email.com', '803 206 550'),
	(340, 'Nela', 'Roznowska-Mazur', 0, 'nela_roznowska-mazur33@email.com', '654 850 167'),
	(341, 'Danislawa', 'Kabaj', 0, 'danislawakabaj573@email.com', '878 862 475'),
	(342, 'Radoslaw', 'Telezynski', 1, 'radoslaw_telezynski408@email.com', '879 844 947'),
	(343, 'Klaudiusz', 'Legenzowski', 1, 'klaudiusz-legenzowski524@email.com', '463 792 415'),
	(344, 'Zytomi', 'Murawiec', 1, 'zytomimurawiec658@email.com', '552 296 744'),
	(345, 'January', 'Smiszczulka', 1, 'january_smiszczulka774@email.com', '683 812 714'),
	(346, 'Eligiusz', 'Kaperowski', 1, 'eligiusz_kaperowski515@email.com', '502 852 903'),
	(347, 'Serwacy', 'Chencia', 1, 'serwacychencia80@email.com', '714 823 921'),
	(348, 'Henryka', 'Massinga', 0, 'henrykamassinga38@email.com', '838 169 848'),
	(349, 'Godfryg', 'Slepowronski', 1, 'godfrygslepowronski808@email.com', '292 174 503'),
	(350, 'Szarlota', 'Sederek', 0, 'szarlota-sederek727@email.com', '568 130 944'),
	(351, 'Rajmunda', 'Miluniec', 0, 'rajmunda-miluniec229@email.com', '275 306 175'),
	(352, 'Przybyslawa', 'Encina', 0, 'przybyslawa-encina774@email.com', '551 823 465'),
	(353, 'Maurycjusz', 'Arbat', 1, 'maurycjuszarbat660@email.com', '065 774 053'),
	(354, 'Teodor', 'Bielokozowicz', 1, 'teodorbielokozowicz951@email.com', '577 387 010'),
	(355, 'Sydney', 'Glupczyk', 0, 'sydney_glupczyk80@email.com', '939 571 020'),
	(356, 'Damazy', 'Dutta', 1, 'damazy-dutta140@email.com', '512 830 965'),
	(357, 'Nestor', 'Rektor', 1, 'nestorrektor842@email.com', '849 157 636'),
	(358, 'Alojza', 'Zmirska', 0, 'alojza-zmirska168@email.com', '268 768 465'),
	(359, 'Jadwiga', 'Brukacz', 0, 'jadwiga-brukacz210@email.com', '358 908 947'),
	(360, 'Lenart', 'Prentkowski', 1, 'lenart-prentkowski940@email.com', '441 396 703'),
	(361, 'Weronika', 'Grosa', 0, 'weronika_grosa918@email.com', '445 454 636'),
	(362, 'Wincenty', 'Kosicki', 1, 'wincenty_kosicki291@email.com', '758 348 210'),
	(363, 'Emma', 'Hinzmann', 0, 'emma-hinzmann985@email.com', '519 977 545'),
	(364, 'Zwinislaw', 'Cierkonski', 1, 'zwinislaw_cierkonski714@email.com', '187 123 837'),
	(365, 'Miloslawa', 'Zielezny', 0, 'miloslawazielezny921@email.com', '926 744 636'),
	(366, 'Olimpia', 'Jekner', 0, 'olimpia_jekner847@email.com', '015 540 597'),
	(367, 'Juta', 'Bonus', 0, 'juta_bonus133@email.com', '983 547 749'),
	(368, 'Wirginiusz', 'Chotow', 1, 'wirginiusz-chotow788@email.com', '356 406 754'),
	(369, 'Emanuela', 'Twieszczak', 0, 'emanuelatwieszczak911@email.com', '490 553 252'),
	(370, 'Alwin', 'Cnotkowski', 1, 'alwincnotkowski610@email.com', '876 613 122'),
	(371, 'Domaslawa', 'Toronowska', 0, 'domaslawa_toronowska54@email.com', '557 303 752'),
	(372, 'Beatrycze', 'Nowokrzewska', 0, 'beatrycze-nowokrzewska361@email.com', '098 317 087'),
	(373, 'Lechoslaw', 'Pomijan', 1, 'lechoslaw-pomijan512@email.com', '361 263 311'),
	(374, 'Zofia', 'Owczuk', 0, 'zofia-owczuk986@email.com', '686 132 306'),
	(375, 'Andrzej', 'Fiklewicz', 1, 'andrzejfiklewicz171@email.com', '874 304 179'),
	(376, 'Sydney', 'Helizon', 0, 'sydney_helizon53@email.com', '231 988 484'),
	(377, 'Amadeusz', 'Szymerowski', 1, 'amadeusz_szymerowski696@email.com', '479 875 475'),
	(378, 'Herbert', 'Platala', 1, 'herbertplatala216@email.com', '163 163 237'),
	(379, 'Jonatan', 'Janulis', 1, 'jonatanjanulis735@email.com', '056 887 141'),
	(380, 'Wincentyna', 'Pawlicka-Gil', 0, 'wincentyna-pawlicka-gil340@email.com', '321 013 504'),
	(381, 'Kasper', 'Pawlarczyk', 1, 'kasperpawlarczyk691@email.com', '948 644 265'),
	(382, 'Halszka', 'Kulska', 0, 'halszka-kulska186@email.com', '078 869 373'),
	(383, 'Lucjola', 'Putowska', 0, 'lucjola_putowska632@email.com', '879 355 252'),
	(384, 'Konstancjusz', 'Galowicz', 1, 'konstancjusz_galowicz901@email.com', '080 196 256'),
	(385, 'Iwon', 'Rydkodym', 1, 'iwon-rydkodym907@email.com', '886 203 472'),
	(386, 'Maryna', 'Melkis', 0, 'maryna_melkis964@email.com', '196 678 447'),
	(387, 'Zarek', 'Herzik', 1, 'zarekherzik167@email.com', '870 591 835'),
	(388, 'Romana', 'Tetloch', 0, 'romana_tetloch385@email.com', '709 953 685'),
	(389, 'Leokadia', 'Dzierdzikowska', 0, 'leokadia-dzierdzikowska54@email.com', '720 037 662'),
	(390, 'Renata', 'Pryczko', 0, 'renata-pryczko778@email.com', '456 758 690'),
	(391, 'Malachiasz', 'Kierekiesza', 1, 'malachiasz-kierekiesza26@email.com', '804 129 238'),
	(392, 'Gerarda', 'Stadnicki', 0, 'gerardastadnicki939@email.com', '006 941 744'),
	(393, 'Roman', 'Targowski', 1, 'roman_targowski334@email.com', '987 700 283'),
	(394, 'Ireneusz', 'Kierszniewski', 1, 'ireneusz_kierszniewski144@email.com', '624 823 712'),
	(395, 'Beniamin', 'Drews', 1, 'beniamindrews738@email.com', '587 139 417'),
	(396, 'Ajdin', 'Dobrolecki', 1, 'ajdindobrolecki160@email.com', '544 621 933'),
	(397, 'Cecyl', 'Jedryszek', 1, 'cecyl-jedryszek523@email.com', '104 976 604'),
	(398, 'Iliana', 'Murenia', 0, 'ilianamurenia837@email.com', '221 953 261'),
	(399, 'Maria', 'Purulczyk', 0, 'maria-purulczyk273@email.com', '691 798 546'),
	(400, 'Odo', 'Krepuszewski', 1, 'odo-krepuszewski194@email.com', '663 315 170'),
	(401, 'Gilbert', 'Pieczeniak', 1, 'gilbert_pieczeniak73@email.com', '714 729 835'),
	(402, 'Jaromir', 'Kopta', 1, 'jaromirkopta857@email.com', '672 305 892'),
	(403, 'Bazyli', 'Boguc', 1, 'bazyliboguc957@email.com', '872 717 508'),
	(404, 'Grzegorz', 'Piskurz', 1, 'grzegorzpiskurz410@email.com', '705 511 643'),
	(405, 'Nadia', 'Kampfmann', 0, 'nadia-kampfmann831@email.com', '705 003 901'),
	(406, 'Protazy', 'Burdzy', 1, 'protazyburdzy396@email.com', '460 564 893'),
	(407, 'Maksyma', 'Wiszynska', 0, 'maksyma-wiszynska521@email.com', '954 773 760'),
	(408, 'Medard', 'Koehler-Okonski', 1, 'medardkoehler-okonski434@email.com', '154 325 106'),
	(409, 'Miroda', 'Siminiecka', 0, 'miroda_siminiecka637@email.com', '170 209 120'),
	(410, 'Zygfryd', 'Lemiesz', 1, 'zygfryd-lemiesz158@email.com', '802 288 742'),
	(411, 'Bruno', 'Rabczuk', 1, 'bruno_rabczuk479@email.com', '554 486 670'),
	(412, 'Ursyn', 'Krzosok', 1, 'ursynkrzosok754@email.com', '368 990 288'),
	(413, 'Romuald', 'Kirstan', 1, 'romuald-kirstan498@email.com', '642 660 964'),
	(414, 'Bozidar', 'Ciechonski', 1, 'bozidarciechonski569@email.com', '795 570 702'),
	(415, 'Delia', 'Hacza', 0, 'delia_hacza615@email.com', '973 925 008'),
	(416, 'Rachela', 'Noak', 0, 'rachela_noak194@email.com', '475 303 526'),
	(417, 'Zdzislawa', 'Mendlewicz', 0, 'zdzislawa_mendlewicz461@email.com', '025 815 677'),
	(418, 'Placyd', 'Salwik', 1, 'placyd_salwik909@email.com', '395 378 523'),
	(419, 'Ryszarda', 'Enbingier', 0, 'ryszarda-enbingier146@email.com', '070 742 929'),
	(420, 'Nika', 'Sorko', 0, 'nikasorko548@email.com', '989 914 536'),
	(421, 'Rajmund', 'Boluc', 1, 'rajmundboluc309@email.com', '001 840 313'),
	(422, 'Gloria', 'Wiezak', 0, 'gloriawiezak965@email.com', '733 705 459'),
	(423, 'Lechoslaw', 'Szydzinski', 1, 'lechoslawszydzinski891@email.com', '875 826 741'),
	(424, 'Emil', 'Oszczepinski', 1, 'emil_oszczepinski414@email.com', '141 728 424'),
	(425, 'Ziemowit', 'Honcarewicz', 1, 'ziemowithoncarewicz459@email.com', '566 860 858'),
	(426, 'Jago', 'Matyskiel', 0, 'jago_matyskiel957@email.com', '272 271 571'),
	(427, 'Izabela', 'Maj-Palicka', 0, 'izabelamaj-palicka85@email.com', '075 150 481'),
	(428, 'Hadriana', 'Kalapus', 0, 'hadrianakalapus343@email.com', '959 004 762'),
	(429, 'Subislawa', 'Jendrysik', 0, 'subislawa-jendrysik282@email.com', '428 505 459'),
	(430, 'Stanislawa', 'Jojczyk', 0, 'stanislawajojczyk872@email.com', '176 027 450'),
	(431, 'Ludmil', 'Bieguniak', 1, 'ludmilbieguniak874@email.com', '868 623 755'),
	(432, 'Laurenjca', 'Rabula', 0, 'laurenjca_rabula890@email.com', '643 870 337'),
	(433, 'Sylwana', 'Burchard', 0, 'sylwana_burchard322@email.com', '282 963 986'),
	(434, 'Sofroniusz', 'Caluj', 1, 'sofroniusz_caluj808@email.com', '589 393 165'),
	(435, 'Leopolda', 'Konitzer', 0, 'leopoldakonitzer852@email.com', '049 569 106'),
	(436, 'Edeltruda', 'Kulakow', 0, 'edeltrudakulakow198@email.com', '430 774 932'),
	(437, 'Agnieszka', 'Korejwo', 0, 'agnieszka_korejwo183@email.com', '820 850 340'),
	(438, 'Kilian', 'Klisiajtys', 1, 'kilianklisiajtys826@email.com', '791 872 252'),
	(439, 'Dalbor', 'Kiryszewski', 1, 'dalbor_kiryszewski791@email.com', '125 663 123'),
	(440, 'Milowit', 'Spital', 1, 'milowitspital501@email.com', '411 436 162'),
	(441, 'Gracja', 'Grzybicka', 0, 'gracjagrzybicka227@email.com', '347 114 942'),
	(442, 'Alfons', 'Ludwinski-Kwiatkowski', 1, 'alfons-ludwinski-kwiatkowski925@email.com', '105 973 328'),
	(443, 'Danislawa', 'Siach', 0, 'danislawasiach458@email.com', '809 573 762'),
	(444, 'Abraham', 'Rakoto', 1, 'abraham-rakoto960@email.com', '178 431 983'),
	(445, 'Ladyslaw', 'Lesnodorski', 1, 'ladyslawlesnodorski895@email.com', '227 139 356'),
	(446, 'Lilia', 'Kumowska', 0, 'lilia_kumowska628@email.com', '668 155 092'),
	(447, 'Mina', 'Apanasionek', 0, 'minaapanasionek786@email.com', '086 884 888'),
	(448, 'Arnolda', 'Graudenz', 0, 'arnolda_graudenz633@email.com', '661 465 207'),
	(449, 'Odo', 'Gonczarowski', 1, 'odo_gonczarowski438@email.com', '282 143 454'),
	(450, 'Walenty', 'Staga', 1, 'walentystaga251@email.com', '958 654 191'),
	(451, 'Aldona', 'Martorana', 0, 'aldona-martorana103@email.com', '971 987 008'),
	(452, 'Gerard', 'Masiek', 1, 'gerard_masiek442@email.com', '014 069 465'),
	(453, 'Aisza', 'Lol', 0, 'aisza_lol89@email.com', '885 827 066'),
	(454, 'Radoslaw', 'Kasznik', 1, 'radoslaw_kasznik975@email.com', '289 328 241'),
	(455, 'Gracjana', 'Kielbaszczak', 0, 'gracjana_kielbaszczak444@email.com', '339 819 599'),
	(456, 'Zanna', 'Spaier', 0, 'zanna-spaier34@email.com', '104 010 526'),
	(457, 'Wojciech', 'Harmash', 1, 'wojciech-harmash791@email.com', '137 537 599'),
	(458, 'Stefania', 'Szybicka', 0, 'stefaniaszybicka920@email.com', '636 924 181'),
	(459, 'Annasz', 'Awlasiewicz', 1, 'annasz-awlasiewicz163@email.com', '392 001 615'),
	(460, 'Celestyn', 'Zychowka', 1, 'celestyn_zychowka105@email.com', '361 710 956'),
	(461, 'Faustyna', 'Stalicka', 0, 'faustynastalicka310@email.com', '593 163 267'),
	(462, 'Zarko', 'Okreta', 1, 'zarko_okreta168@email.com', '424 526 819'),
	(463, 'Budzislaw', 'Chelpinski', 1, 'budzislaw_chelpinski743@email.com', '660 733 390'),
	(464, 'Owidiusz', 'Oslak', 1, 'owidiuszoslak806@email.com', '571 022 855'),
	(465, 'Dorota', 'Konobrodzka', 0, 'dorota_konobrodzka473@email.com', '469 608 843'),
	(466, 'Jozafat', 'Nenutil', 1, 'jozafat-nenutil270@email.com', '004 798 585'),
	(467, 'Edgar', 'Werdenowski', 1, 'edgar-werdenowski151@email.com', '013 445 639'),
	(468, 'Wladyslawa', 'Mendrykowska', 0, 'wladyslawamendrykowska330@email.com', '180 224 181'),
	(469, 'Manfred', 'Omelka', 1, 'manfredomelka698@email.com', '990 661 806'),
	(470, 'Stefania', 'Widerlich', 0, 'stefania-widerlich927@email.com', '812 833 833'),
	(471, 'Una', 'Paulako', 0, 'una-paulako896@email.com', '677 421 016'),
	(472, 'Pelagiusz', 'Gryziukowski', 1, 'pelagiuszgryziukowski237@email.com', '555 069 598'),
	(473, 'Edmund', 'Wulke', 1, 'edmundwulke263@email.com', '940 641 797'),
	(474, 'Zygfryda', 'Falkenhagen', 0, 'zygfrydafalkenhagen330@email.com', '321 888 673'),
	(475, 'Aleksa', 'Psota', 0, 'aleksa_psota141@email.com', '196 641 482'),
	(476, 'Aleksa', 'Osowicz', 0, 'aleksaosowicz811@email.com', '310 859 876'),
	(477, 'Olgierd', 'Leboszka', 1, 'olgierdleboszka163@email.com', '719 135 742'),
	(478, 'Manfred', 'Radaczewski', 1, 'manfred_radaczewski772@email.com', '319 877 969'),
	(479, 'Hestia', 'Szenfel', 0, 'hestia-szenfel675@email.com', '520 351 880'),
	(480, 'Sobieslaw', 'Ostrowiecki', 1, 'sobieslaw-ostrowiecki617@email.com', '065 581 692'),
	(481, 'Zaklina', 'Galantowicz', 0, 'zaklinagalantowicz282@email.com', '691 692 015'),
	(482, 'Urban', 'Sznase', 1, 'urbansznase138@email.com', '993 451 426'),
	(483, 'Wszebor', 'Korneljusz', 1, 'wszebor_korneljusz981@email.com', '573 881 940'),
	(484, 'Korneli', 'Jakubcewicz', 1, 'kornelijakubcewicz955@email.com', '903 128 264'),
	(485, 'Ryszard', 'Dadura', 1, 'ryszarddadura459@email.com', '369 031 531'),
	(486, 'Walentyn', 'Trampczynski', 1, 'walentyntrampczynski483@email.com', '770 061 161'),
	(487, 'Maria', 'Hobrzyk', 0, 'maria-hobrzyk185@email.com', '522 004 523'),
	(488, 'Henryk', 'Skrynicki', 1, 'henryk_skrynicki889@email.com', '053 591 832'),
	(489, 'Chwalislaw', 'Rakfalski', 1, 'chwalislaw-rakfalski952@email.com', '556 791 640'),
	(490, 'Stanislawa', 'Pitala-Slonina', 0, 'stanislawapitala-slonina870@email.com', '926 984 244'),
	(491, 'Ulryka', 'Smyczenko', 0, 'ulryka-smyczenko69@email.com', '131 488 098'),
	(492, 'Konstanty', 'Budrowski', 1, 'konstanty_budrowski28@email.com', '818 283 856'),
	(493, 'Brunon', 'Kielbratowski', 1, 'brunon_kielbratowski294@email.com', '322 330 502'),
	(494, 'Herma', 'Heman', 0, 'herma_heman442@email.com', '976 241 607'),
	(495, 'Radowit', 'Strackiewicz', 1, 'radowitstrackiewicz621@email.com', '430 727 093'),
	(496, 'Pankracy', 'Below', 1, 'pankracy_below322@email.com', '265 423 359'),
	(497, 'Gizela', 'Kuroczycka', 0, 'gizela_kuroczycka479@email.com', '829 035 414'),
	(498, 'Korneliusz', 'Wajdner', 1, 'korneliusz_wajdner445@email.com', '588 992 523'),
	(499, 'Kornel-Korni', 'Szprenglewski', 1, 'kornel-korniszprenglewski80@email.com', '755 898 531'),
	(500, 'Dajmira', 'Olszanska-Smolarek', 0, 'dajmira_olszanska-smolarek152@email.com', '408 863 288'),
	(501, 'Sylwester', 'Mielzynski', 1, 'sylwestermielzynski275@email.com', '591 582 487'),
	(502, 'Adnan', 'Chaterera', 1, 'adnan_chaterera772@email.com', '186 876 241'),
	(503, 'Ulryka', 'Fifowska', 0, 'ulryka-fifowska657@email.com', '975 471 080'),
	(504, 'Korneliusz', 'Kocor', 1, 'korneliusz-kocor698@email.com', '055 689 711'),
	(505, 'Lucja', 'Choremska', 0, 'lucja-choremska959@email.com', '613 489 022'),
	(506, 'Ananiasz', 'Maksemyuk', 1, 'ananiasz-maksemyuk671@email.com', '991 528 606'),
	(507, 'Bonawentura', 'Dobrzanowski', 1, 'bonawentura_dobrzanowski209@email.com', '450 600 979'),
	(508, 'Andrzej', 'Kaniuka', 1, 'andrzejkaniuka589@email.com', '513 809 616'),
	(509, 'Aurora', 'Bernaszewska-Krzak', 0, 'aurora-bernaszewska-krzak691@email.com', '856 610 137'),
	(510, 'Marika', 'Wojtun', 0, 'marikawojtun211@email.com', '790 259 541'),
	(511, 'Roland', 'Ksionek', 1, 'roland-ksionek703@email.com', '744 552 096'),
	(512, 'Augustyna', 'Podkon', 0, 'augustynapodkon829@email.com', '425 011 353'),
	(513, 'Dalbor', 'Pawelkowski', 1, 'dalbor_pawelkowski494@email.com', '537 367 764'),
	(514, 'Dorian', 'Zaslonka', 1, 'dorianzaslonka168@email.com', '803 915 935'),
	(515, 'Dajmir', 'Wielgusiak', 1, 'dajmir_wielgusiak608@email.com', '542 989 297'),
	(516, 'Bolebor', 'Raboj', 1, 'bolebor_raboj111@email.com', '973 376 216'),
	(517, 'Teodozjusz', 'Mazanik', 1, 'teodozjusz-mazanik283@email.com', '343 489 283'),
	(518, 'Mikolaj', 'Prymon', 1, 'mikolaj_prymon131@email.com', '234 746 842'),
	(519, 'Mira', 'Wyplosz', 0, 'mirawyplosz664@email.com', '032 903 284'),
	(520, 'Damroka', 'Ozimkowska', 0, 'damrokaozimkowska353@email.com', '002 908 688'),
	(521, 'Zygfryda', 'Pawlak-Jaworska', 0, 'zygfryda-pawlak-jaworska2@email.com', '379 328 699'),
	(522, 'Otton', 'Pedziejewski', 1, 'ottonpedziejewski286@email.com', '977 080 237'),
	(523, 'Koryna', 'Wawrzyniecka', 0, 'korynawawrzyniecka567@email.com', '889 835 292'),
	(524, 'Wlodzislaw', 'Drygowski', 1, 'wlodzislaw-drygowski924@email.com', '090 365 129'),
	(525, 'Romeo', 'Ojekhile', 1, 'romeoojekhile897@email.com', '625 517 141'),
	(526, 'Gilbert', 'Postyka', 1, 'gilbertpostyka435@email.com', '764 234 701'),
	(527, 'Aneta', 'Krampa', 0, 'anetakrampa938@email.com', '446 207 327'),
	(528, 'Dionizy', 'Stecinski', 1, 'dionizy-stecinski707@email.com', '762 216 862'),
	(529, 'Beniamina', 'Wieteszka', 0, 'beniaminawieteszka695@email.com', '334 028 878'),
	(530, 'Miloslaw', 'Doria-Dernalowicz', 1, 'miloslaw_doria-dernalowicz33@email.com', '174 101 982'),
	(531, 'Aldona', 'Pintea', 0, 'aldonapintea910@email.com', '865 724 637'),
	(532, 'Alina', 'Pindras', 0, 'alina_pindras164@email.com', '982 514 023'),
	(533, 'Tadeusz', 'Flader', 1, 'tadeuszflader148@email.com', '218 888 634'),
	(534, 'Slaw', 'Naruk', 1, 'slaw-naruk332@email.com', '026 360 616'),
	(535, 'Pola', 'Szkirel', 0, 'pola-szkirel296@email.com', '262 461 488'),
	(536, 'Wladyslawa', 'Smugorzewska', 0, 'wladyslawa-smugorzewska429@email.com', '108 054 079'),
	(537, 'Martyna', 'Gotszlik', 0, 'martyna_gotszlik575@email.com', '618 919 996'),
	(538, 'Aleksander', 'Szindzielorz', 1, 'aleksander_szindzielorz888@email.com', '397 547 378'),
	(539, 'Wieceslaw', 'Sztukert', 1, 'wieceslaw_sztukert13@email.com', '193 799 156'),
	(540, 'Mojmierz', 'Natanski', 1, 'mojmierz_natanski333@email.com', '068 526 808'),
	(541, 'Sebastiana', 'Sinoradzka', 0, 'sebastiana-sinoradzka492@email.com', '619 339 754'),
	(542, 'Florian', 'Wiergowski', 1, 'florianwiergowski495@email.com', '842 949 243'),
	(543, 'Jonatan', 'Purzyczko', 1, 'jonatan-purzyczko830@email.com', '609 405 041'),
	(544, 'Halina', 'Zaliska', 0, 'halina_zaliska719@email.com', '746 282 285'),
	(545, 'Henryk', 'Wikorejczyk', 1, 'henryk-wikorejczyk403@email.com', '495 533 337'),
	(546, 'Prot', 'Koruszowicz', 1, 'prot-koruszowicz835@email.com', '216 655 322'),
	(547, 'Mamert', 'Lubiak-Sanchez', 1, 'mamert-lubiak-sanchez648@email.com', '772 878 263'),
	(548, 'Korneli', 'Stronczynski', 1, 'korneli-stronczynski713@email.com', '651 514 567'),
	(549, 'Domaslawa', 'Smutek', 0, 'domaslawa_smutek386@email.com', '218 921 298'),
	(550, 'Sedomira', 'Fortgang', 0, 'sedomira_fortgang208@email.com', '975 278 668'),
	(551, 'Jadwiga', 'Drapalska', 0, 'jadwiga_drapalska177@email.com', '806 451 807'),
	(552, 'Joachima', 'Witosza', 0, 'joachimawitosza510@email.com', '494 691 273'),
	(553, 'Raszyda', 'Wirwicka', 0, 'raszydawirwicka458@email.com', '167 751 672'),
	(554, 'Ada', 'Magrys', 0, 'ada-magrys986@email.com', '312 093 842'),
	(555, 'Wesna', 'Rustarz', 0, 'wesna-rustarz627@email.com', '319 355 013'),
	(556, 'Lucjan', 'Nawolski', 1, 'lucjan-nawolski775@email.com', '991 976 604'),
	(557, 'Konstancjusz', 'Pasierbkiewicz', 1, 'konstancjusz_pasierbkiewicz678@email.com', '241 104 850'),
	(558, 'Marcjanna', 'Druciarek', 0, 'marcjanna_druciarek101@email.com', '352 673 929'),
	(559, 'Cinoslawa', 'Swidojc', 0, 'cinoslawa_swidojc793@email.com', '225 903 873'),
	(560, 'Cezar', 'Cholomek', 1, 'cezarcholomek837@email.com', '426 686 791'),
	(561, 'Mirabela', 'Smolinski', 0, 'mirabela_smolinski906@email.com', '729 401 285'),
	(562, 'Gustawa', 'Styrkacz', 0, 'gustawastyrkacz459@email.com', '867 917 947'),
	(563, 'Bozydar', 'Pieszek', 1, 'bozydar-pieszek817@email.com', '874 258 809'),
	(564, 'Julislawa', 'Seczykowska', 0, 'julislawa-seczykowska892@email.com', '837 282 428'),
	(565, 'Abigail', 'Reznar', 0, 'abigailreznar359@email.com', '228 217 809'),
	(566, 'Jerzy', 'Sulwestrzak', 1, 'jerzy_sulwestrzak269@email.com', '125 428 112'),
	(567, 'Derwit', 'Garyga', 1, 'derwitgaryga786@email.com', '009 304 583'),
	(568, 'Jaromira', 'Bartlitz', 0, 'jaromira-bartlitz817@email.com', '258 368 688'),
	(569, 'Michalina', 'Margoszczyn', 0, 'michalinamargoszczyn162@email.com', '924 458 985'),
	(570, 'Chociemira', 'Sugiero', 0, 'chociemira-sugiero255@email.com', '492 286 165'),
	(571, 'Ksawera', 'Nowak-Szymura', 0, 'ksawera_nowak-szymura191@email.com', '104 269 927'),
	(572, 'Tytus', 'Kurzych', 1, 'tytus-kurzych48@email.com', '631 683 971'),
	(573, 'Gardomir', 'Fors', 1, 'gardomir_fors45@email.com', '765 388 730'),
	(574, 'Dilara', 'Oldachowska', 0, 'dilaraoldachowska579@email.com', '567 300 002'),
	(575, 'Maksymilian', 'Worona-Damaschke', 1, 'maksymilian_worona-damaschke482@email.com', '455 412 508'),
	(576, 'Chwalislawa', 'Kurti', 0, 'chwalislawa-kurti819@email.com', '260 644 273'),
	(577, 'Angelina', 'Spychaj', 0, 'angelina_spychaj780@email.com', '185 645 772'),
	(578, 'Dobieslawa', 'Siduniak', 0, 'dobieslawasiduniak924@email.com', '009 476 464'),
	(579, 'Milomira', 'Pocztowska', 0, 'milomira-pocztowska677@email.com', '674 249 913'),
	(580, 'Kajetan', 'Giergont', 1, 'kajetangiergont306@email.com', '858 711 501'),
	(581, 'Wrocislawa', 'Ochwat', 0, 'wrocislawaochwat585@email.com', '080 409 333'),
	(582, 'Bibiana', 'Skipiala', 0, 'bibiana-skipiala250@email.com', '427 623 831'),
	(583, 'Serafin', 'Warynica', 1, 'serafin-warynica814@email.com', '561 453 300'),
	(584, 'Renata', 'Mindowicz', 0, 'renata_mindowicz68@email.com', '473 421 609'),
	(585, 'Dalmira', 'Burbeluk', 0, 'dalmiraburbeluk643@email.com', '344 853 645'),
	(586, 'Polikarp', 'Pendolski', 1, 'polikarp_pendolski799@email.com', '414 342 642'),
	(587, 'Dzemil', 'Wajoras', 1, 'dzemil_wajoras878@email.com', '955 901 720'),
	(588, 'Beatryksa', 'Krasienkiewicz', 0, 'beatryksakrasienkiewicz810@email.com', '946 909 940'),
	(589, 'Oswald', 'Lomazski', 1, 'oswald_lomazski39@email.com', '417 674 325'),
	(590, 'Hektor', 'Czadankiewicz', 1, 'hektorczadankiewicz14@email.com', '651 399 745'),
	(591, 'Nika', 'Zadworny', 0, 'nika-zadworny378@email.com', '593 409 631'),
	(592, 'Tomasz', 'Ostaniewicz', 1, 'tomaszostaniewicz757@email.com', '711 204 686'),
	(593, 'Dajmir', 'Toporzysz', 1, 'dajmir_toporzysz679@email.com', '947 402 215'),
	(594, 'Walter', 'Boroski', 1, 'walter_boroski836@email.com', '464 691 142'),
	(595, 'Lucja', 'Tunak', 0, 'lucja-tunak303@email.com', '368 685 923'),
	(596, 'Zytomi', 'Luciani', 1, 'zytomiluciani717@email.com', '666 803 893'),
	(597, 'Sabina', 'Halubek', 0, 'sabina_halubek514@email.com', '467 832 365'),
	(598, 'Tomasz', 'Wodarski', 1, 'tomaszwodarski233@email.com', '256 565 236'),
	(599, 'Greta', 'Wrembska', 0, 'greta_wrembska346@email.com', '080 429 641'),
	(600, 'Barabasz', 'Jaglak', 1, 'barabaszjaglak621@email.com', '226 153 945'),
	(601, 'Izabela', 'Naglinska', 0, 'izabela_naglinska87@email.com', '477 717 541'),
	(602, 'Stojan', 'Krumrey', 1, 'stojan_krumrey579@email.com', '543 429 314'),
	(603, 'Iwan', 'Chociszewski', 1, 'iwan_chociszewski581@email.com', '461 425 771'),
	(604, 'Sulibor', 'Borkiet', 1, 'sulibor-borkiet683@email.com', '474 749 014'),
	(605, 'Latifa', 'Gryniewska', 0, 'latifa-gryniewska418@email.com', '109 789 672'),
	(606, 'Dagmara', 'Nierodko', 0, 'dagmaranierodko575@email.com', '489 976 185'),
	(607, 'Gizela', 'Armitage', 0, 'gizela-armitage428@email.com', '738 689 698'),
	(608, 'Teodor', 'Betleja', 1, 'teodor_betleja400@email.com', '417 948 055'),
	(609, 'Ludolf', 'Karpiczenko', 1, 'ludolf_karpiczenko879@email.com', '723 810 389'),
	(610, 'Edward', 'Nadol', 1, 'edward_nadol240@email.com', '462 460 648'),
	(611, 'Martyna', 'Gurba', 0, 'martyna_gurba888@email.com', '686 278 174'),
	(612, 'Eliot', 'Petrulis', 1, 'eliot_petrulis394@email.com', '641 823 841'),
	(613, 'Edmund', 'Grzeszkowski', 1, 'edmundgrzeszkowski840@email.com', '117 275 821'),
	(614, 'Gustawa', 'Cenin', 0, 'gustawa-cenin55@email.com', '366 192 281'),
	(615, 'Zdzislawa', 'Ciapciak', 0, 'zdzislawa_ciapciak25@email.com', '827 003 842'),
	(616, 'Renat', 'Witzenbach', 1, 'renat_witzenbach501@email.com', '319 225 506'),
	(617, 'Placyd', 'Arend', 1, 'placyd-arend654@email.com', '842 856 611'),
	(618, 'Bonawentura', 'Ulanowicz', 1, 'bonawenturaulanowicz873@email.com', '553 775 375'),
	(619, 'Roland', 'Fredo', 1, 'rolandfredo132@email.com', '133 779 947'),
	(620, 'Hipolit', 'Stepak', 1, 'hipolitstepak66@email.com', '049 030 583'),
	(621, 'Halszka', 'Bedryjczuk', 0, 'halszkabedryjczuk338@email.com', '345 890 764'),
	(622, 'Fabiola', 'Nguyen Ba', 0, 'fabiolanguyen ba732@email.com', '725 381 664'),
	(623, 'Beatryksa', 'Grabarska', 0, 'beatryksa-grabarska138@email.com', '301 531 060'),
	(624, 'Jowita', 'Salt', 0, 'jowitasalt85@email.com', '280 956 046'),
	(625, 'Izolda', 'Witka Jezewska', 0, 'izolda-witka jezewska606@email.com', '757 174 159'),
	(626, 'Ksawera', 'Czapaj', 0, 'ksaweraczapaj943@email.com', '167 668 579'),
	(627, 'Huberta', 'Truchanowicz', 0, 'huberta_truchanowicz11@email.com', '375 378 107'),
	(628, 'Larysa', 'Tluchowska', 0, 'larysa-tluchowska869@email.com', '615 261 973'),
	(629, 'Cezary', 'Szraj', 1, 'cezary-szraj623@email.com', '121 448 831'),
	(630, 'Ludwika', 'Wierniuk', 0, 'ludwika_wierniuk275@email.com', '367 793 379'),
	(631, 'Godfryd', 'Kedzierzawski', 1, 'godfrydkedzierzawski557@email.com', '255 438 854'),
	(632, 'Dargoslaw', 'Zdzieszynski', 1, 'dargoslaw-zdzieszynski339@email.com', '775 896 959'),
	(633, 'Leo', 'Wiruc', 1, 'leo_wiruc772@email.com', '347 791 645'),
	(634, 'Samanta', 'Klekacz', 0, 'samanta_klekacz981@email.com', '075 964 514'),
	(635, 'Abdon', 'Martinczak', 1, 'abdon-martinczak673@email.com', '481 536 589'),
	(636, 'Marcela', 'Kreszczynska', 0, 'marcela-kreszczynska79@email.com', '797 866 258'),
	(637, 'Ksawera', 'Grzeskowiak', 0, 'ksaweragrzeskowiak233@email.com', '465 012 568'),
	(638, 'Gryzelda', 'Lekso', 0, 'gryzelda-lekso55@email.com', '393 313 114'),
	(639, 'Marcel', 'Anyzewski', 1, 'marcel-anyzewski981@email.com', '354 200 729'),
	(640, 'Melania', 'Gil-Daniel', 0, 'melania-gil-daniel297@email.com', '386 454 223'),
	(641, 'Efrem', 'Czabon', 1, 'efrem-czabon407@email.com', '830 393 331'),
	(642, 'Waclawa', 'Gularz', 0, 'waclawa-gularz583@email.com', '214 398 668'),
	(643, 'Unima', 'Wasynczuk', 0, 'unimawasynczuk556@email.com', '787 167 002'),
	(644, 'Zywislawa', 'Feiklowicz', 0, 'zywislawafeiklowicz877@email.com', '012 000 404'),
	(645, 'Mateusz', 'Setla', 1, 'mateusz_setla456@email.com', '918 250 671'),
	(646, 'Samuel', 'Szerbart', 1, 'samuel-szerbart663@email.com', '102 671 542'),
	(647, 'Elmira', 'Beldzinska', 0, 'elmirabeldzinska436@email.com', '795 739 071'),
	(648, 'Jakub', 'Spudych', 1, 'jakub_spudych231@email.com', '031 164 940'),
	(649, 'Farida', 'Paczos', 0, 'farida-paczos472@email.com', '204 174 658'),
	(650, 'Radomir', 'Mandrowski', 1, 'radomirmandrowski783@email.com', '256 626 888'),
	(651, 'Damian', 'Grojca', 1, 'damian-grojca664@email.com', '598 521 047'),
	(652, 'Faustyna', 'Surmaczynska', 0, 'faustyna_surmaczynska641@email.com', '406 207 632'),
	(653, 'Filipa', 'Wendlik', 0, 'filipa_wendlik588@email.com', '826 952 193'),
	(654, 'Norma', 'Lorczak', 0, 'norma_lorczak891@email.com', '099 288 270'),
	(655, 'Wenancjusz', 'Dehno', 1, 'wenancjuszdehno733@email.com', '008 053 190'),
	(656, 'Sybilla', 'Chwialkowska', 0, 'sybilla-chwialkowska150@email.com', '502 477 676'),
	(657, 'Augustyna', 'Szpoton', 0, 'augustyna_szpoton940@email.com', '871 065 529'),
	(658, 'Sebastian', 'Meczykowski', 1, 'sebastian_meczykowski231@email.com', '021 595 236'),
	(659, 'Milorad', 'Karbolewski', 1, 'miloradkarbolewski222@email.com', '247 464 032'),
	(660, 'Babeta', 'Sopolska', 0, 'babeta_sopolska86@email.com', '368 068 997'),
	(661, 'Andrea', 'Bialos', 0, 'andrea-bialos316@email.com', '285 783 858'),
	(662, 'Herakles', 'Famulak', 1, 'heraklesfamulak352@email.com', '780 863 001'),
	(663, 'Oktawiusz', 'Wyremski', 1, 'oktawiusz-wyremski972@email.com', '584 208 316'),
	(664, 'Laurenjca', 'Jeruc', 0, 'laurenjca-jeruc912@email.com', '495 083 318'),
	(665, 'Denis', 'Niemietz', 1, 'denisniemietz815@email.com', '488 186 715'),
	(666, 'Walter', 'Dziubczynski', 1, 'walter_dziubczynski37@email.com', '754 762 175'),
	(667, 'Zygfryda', 'Masztalerczuk', 0, 'zygfryda_masztalerczuk808@email.com', '042 961 813'),
	(668, 'Brygida', 'Kordyjak', 0, 'brygida_kordyjak74@email.com', '456 578 314'),
	(669, 'Abraham', 'Kaletek', 1, 'abraham_kaletek409@email.com', '441 671 435'),
	(670, 'Ludolfa', 'Klonfas', 0, 'ludolfa_klonfas463@email.com', '709 628 943'),
	(671, 'Sobieslaw', 'Geslak', 1, 'sobieslawgeslak315@email.com', '275 514 003'),
	(672, 'Protazy', 'Aniolek', 1, 'protazyaniolek876@email.com', '415 472 625'),
	(673, 'Walenty', 'Kmieciewski', 1, 'walenty_kmieciewski206@email.com', '750 140 779'),
	(674, 'Babeta', 'De Zaremba Zaremba', 0, 'babetade zaremba zaremba801@email.com', '547 874 161'),
	(675, 'Kalina', 'Jopczynska', 0, 'kalinajopczynska812@email.com', '602 286 757'),
	(676, 'Paskal', 'Chrosnik', 1, 'paskal-chrosnik446@email.com', '563 922 751'),
	(677, 'Wierada', 'Tamborska-Mieloch', 0, 'wierada-tamborska-mieloch706@email.com', '526 863 764'),
	(678, 'Lubislaw', 'Niemczyn', 1, 'lubislaw_niemczyn481@email.com', '734 328 650'),
	(679, 'Dyter', 'Wokacz', 1, 'dyter-wokacz83@email.com', '708 536 557'),
	(680, 'Iwa', 'Herniczek', 0, 'iwa_herniczek369@email.com', '365 621 658'),
	(681, 'Slawa', 'Szosda', 0, 'slawa_szosda818@email.com', '798 038 345'),
	(682, 'Radmila', 'Laidler', 0, 'radmila-laidler618@email.com', '566 364 521'),
	(683, 'Darwit', 'Mohle', 1, 'darwitmohle435@email.com', '705 360 703'),
	(684, 'Florentyna', 'Korzinek', 0, 'florentyna-korzinek811@email.com', '848 357 154'),
	(685, 'Lew', 'Wrona', 1, 'lewwrona253@email.com', '812 596 787'),
	(686, 'Slawina', 'Wasztyl', 0, 'slawina_wasztyl659@email.com', '202 779 233'),
	(687, 'Apollina', 'Prazenik', 0, 'apollina-prazenik654@email.com', '047 864 624'),
	(688, 'Odon', 'Dosman', 1, 'odon_dosman140@email.com', '151 850 896'),
	(689, 'Antonius', 'Rochnia', 1, 'antonius-rochnia125@email.com', '368 349 674'),
	(690, 'Bogdal', 'Szczeglow', 1, 'bogdalszczeglow587@email.com', '353 182 316'),
	(691, 'Husaria', 'Cugier', 0, 'husariacugier485@email.com', '193 003 655'),
	(692, 'Hedwiga', 'Szmalenberg', 0, 'hedwiga-szmalenberg8@email.com', '374 165 449'),
	(693, 'Ewaryst', 'Tymel', 1, 'ewarysttymel670@email.com', '095 085 162'),
	(694, 'Klementyna', 'Jazgunowicz', 0, 'klementynajazgunowicz534@email.com', '754 285 645'),
	(695, 'Zenon', 'Sobuta', 1, 'zenonsobuta994@email.com', '289 329 797'),
	(696, 'Stoigniew', 'Godwinski', 1, 'stoigniew_godwinski371@email.com', '904 200 632'),
	(697, 'Petra', 'Sengus', 0, 'petra-sengus90@email.com', '170 740 204'),
	(698, 'Sonia', 'Gumol', 0, 'soniagumol874@email.com', '150 492 333'),
	(699, 'Sandra', 'Szlecht', 0, 'sandra_szlecht577@email.com', '461 572 762'),
	(700, 'Paula', 'Muchla', 0, 'paulamuchla469@email.com', '135 105 421'),
	(701, 'Marek', 'Czuga', 1, 'marek-czuga443@email.com', '487 851 726'),
	(702, 'Luborada', 'Muenzberg', 0, 'luboradamuenzberg968@email.com', '268 736 072'),
	(703, 'Zyta', 'Tybulczuk', 0, 'zytatybulczuk33@email.com', '225 875 353'),
	(704, 'Honorata', 'Brancewicz-Michalak', 0, 'honorata_brancewicz-michalak573@email.com', '125 726 567'),
	(705, 'Klarysa', 'Kalisz-Kossowska', 0, 'klarysa-kalisz-kossowska523@email.com', '869 178 926'),
	(706, 'Magnus', 'Ferka', 1, 'magnus_ferka13@email.com', '522 162 397'),
	(707, 'Michal', 'Onisk', 1, 'michal_onisk415@email.com', '507 036 173'),
	(708, 'Aniela', 'Kruzka', 0, 'aniela-kruzka198@email.com', '599 633 768'),
	(709, 'Zarek', 'Wawerko', 1, 'zarekwawerko854@email.com', '360 872 752'),
	(710, 'Narcyz', 'Burkowicz', 1, 'narcyzburkowicz802@email.com', '607 469 855'),
	(711, 'Wislaw', 'Smarzy', 1, 'wislaw-smarzy406@email.com', '971 666 607'),
	(712, 'Erwin', 'Fostakowski', 1, 'erwin_fostakowski856@email.com', '337 332 366'),
	(713, 'Idzislawa', 'Rajnycz', 0, 'idzislawarajnycz17@email.com', '603 929 654'),
	(714, 'Tomislaw', 'Szworski', 1, 'tomislaw-szworski367@email.com', '807 502 241'),
	(715, 'Tulimir', 'Szambelanczyk', 1, 'tulimir-szambelanczyk959@email.com', '424 434 374'),
	(716, 'Roman', 'Wandrasz', 1, 'roman_wandrasz764@email.com', '570 238 893'),
	(717, 'Witold', 'Fronczyk', 1, 'witold_fronczyk981@email.com', '673 318 183'),
	(718, 'Eleonora', 'Sluza', 0, 'eleonora-sluza55@email.com', '404 296 930'),
	(719, 'Uma', 'Blume', 0, 'uma_blume970@email.com', '465 093 866'),
	(720, 'Fabiola', 'Szaniec', 0, 'fabiolaszaniec80@email.com', '785 026 744'),
	(721, 'Witold', 'Swojnog', 1, 'witold_swojnog497@email.com', '053 328 380'),
	(722, 'Ginter', 'Gwiozdzik-Zajkowski', 1, 'ginter_gwiozdzik-zajkowski381@email.com', '133 392 613'),
	(723, 'Niecislaw', 'Machulec', 1, 'niecislaw-machulec197@email.com', '892 676 955'),
	(724, 'Nina', 'Haszczynska', 0, 'nina_haszczynska316@email.com', '590 796 841'),
	(725, 'Gwido', 'Starczew', 1, 'gwido_starczew360@email.com', '429 964 549'),
	(726, 'Stella', 'Witoschek', 0, 'stella-witoschek360@email.com', '444 729 004'),
	(727, 'Paulina', 'Lykow', 0, 'paulina_lykow56@email.com', '106 383 901'),
	(728, 'Hilary', 'Hewak', 1, 'hilaryhewak105@email.com', '067 518 360'),
	(729, 'Zanna', 'Wilemberg', 0, 'zannawilemberg586@email.com', '288 048 394'),
	(730, 'Betina', 'Lahucik', 0, 'betinalahucik146@email.com', '985 063 701'),
	(731, 'Hedwiga', 'Zietal', 0, 'hedwiga_zietal339@email.com', '922 355 923'),
	(732, 'Dajmira', 'Ajnbacher', 0, 'dajmira_ajnbacher418@email.com', '122 811 191'),
	(733, 'Wladyslawa', 'Bungard', 0, 'wladyslawa-bungard531@email.com', '379 269 843'),
	(734, 'Rafal', 'Dykty', 1, 'rafaldykty152@email.com', '568 771 844'),
	(735, 'Sylwana', 'Romancewicz', 0, 'sylwana_romancewicz211@email.com', '523 832 505'),
	(736, 'Fabiana', 'Pathmanathan', 0, 'fabiana_pathmanathan723@email.com', '034 007 104'),
	(737, 'Niecislaw', 'Urbankowski-Gunia', 1, 'niecislaw_urbankowski-gunia317@email.com', '927 937 606'),
	(738, 'Malachiasz', 'Kamieniarz', 1, 'malachiaszkamieniarz450@email.com', '644 213 445'),
	(739, 'Jozefat', 'Bratnikow', 1, 'jozefatbratnikow473@email.com', '394 050 388'),
	(740, 'Annasz', 'Karanasios', 1, 'annaszkaranasios638@email.com', '271 715 184'),
	(741, 'Babeta', 'Bojdasz', 0, 'babeta_bojdasz173@email.com', '175 968 463'),
	(742, 'Orian', 'Drawnel', 1, 'oriandrawnel368@email.com', '062 172 677'),
	(743, 'Mirela', 'Wludara', 0, 'mirela-wludara842@email.com', '738 166 812'),
	(744, 'Hektor', 'Trzyciecki', 1, 'hektortrzyciecki505@email.com', '198 642 757'),
	(745, 'Makary', 'Roczkowski', 1, 'makary_roczkowski217@email.com', '456 851 207'),
	(746, 'Jasuf', 'Rybysc', 1, 'jasufrybysc699@email.com', '813 287 010'),
	(747, 'Iwon', 'Bastowski', 1, 'iwon_bastowski927@email.com', '744 040 638'),
	(748, 'Milomir', 'Wysmolinski', 1, 'milomir-wysmolinski67@email.com', '599 044 377'),
	(749, 'Aisza', 'Bereziecka', 0, 'aisza-bereziecka293@email.com', '449 990 976'),
	(750, 'Damian', 'Szczolek', 1, 'damian_szczolek380@email.com', '099 853 135'),
	(751, 'Walter', 'Mejza', 1, 'walter-mejza782@email.com', '571 805 392'),
	(752, 'Radomir', 'Kriszniewski', 1, 'radomirkriszniewski186@email.com', '015 363 586'),
	(753, 'Karolina', 'Szygiendowska', 0, 'karolina-szygiendowska41@email.com', '525 159 229'),
	(754, 'Kunegunda', 'Brajbisz', 0, 'kunegunda-brajbisz981@email.com', '410 853 602'),
	(755, 'Jadwiga', 'Beris', 0, 'jadwiga_beris772@email.com', '982 941 242'),
	(756, 'Tulimierz', 'Manthej', 1, 'tulimierz-manthej43@email.com', '630 074 467'),
	(757, 'Robert', 'Mikusik', 1, 'robertmikusik333@email.com', '357 628 403'),
	(758, 'Bogna', 'Sosenka', 0, 'bogna_sosenka800@email.com', '142 734 854'),
	(759, 'Krystian', 'Szkoludek', 1, 'krystianszkoludek395@email.com', '531 956 484'),
	(760, 'Nika', 'Fronckowska', 0, 'nika_fronckowska266@email.com', '621 142 301'),
	(761, 'Norbert', 'Fritsz', 1, 'norbert-fritsz186@email.com', '997 182 628'),
	(762, 'Jago', 'Melcarek', 0, 'jagomelcarek163@email.com', '549 903 899'),
	(763, 'Darwit', 'Burdzilowski', 1, 'darwit-burdzilowski463@email.com', '160 635 392'),
	(764, 'Stoigniew', 'Pakocki', 1, 'stoigniew-pakocki540@email.com', '039 510 097'),
	(765, 'Seweryna', 'Majtys', 0, 'sewerynamajtys805@email.com', '911 879 910'),
	(766, 'Wilma', 'Dropko', 0, 'wilma_dropko934@email.com', '457 572 472'),
	(767, 'Jacek', 'Chamratowicz', 1, 'jacek-chamratowicz294@email.com', '529 969 265'),
	(768, 'Hilary', 'Ciurylo', 1, 'hilary-ciurylo121@email.com', '227 759 077'),
	(769, 'Milowit', 'Dominiak', 1, 'milowitdominiak378@email.com', '661 697 523'),
	(770, 'Pola', 'Raznatowska', 0, 'pola_raznatowska855@email.com', '094 160 910'),
	(771, 'Klotylda', 'Pienicka', 0, 'klotyldapienicka462@email.com', '657 267 906'),
	(772, 'Dobrogost', 'Zufla', 1, 'dobrogost-zufla933@email.com', '934 308 531'),
	(773, 'Oskar', 'Eitelthaler', 1, 'oskar-eitelthaler529@email.com', '539 861 528'),
	(774, 'Roch', 'Zembura', 1, 'rochzembura452@email.com', '507 476 576'),
	(775, 'Fabiola', 'Pieleszek', 0, 'fabiola_pieleszek59@email.com', '874 593 919'),
	(776, 'Sylwana', 'Kniazew', 0, 'sylwana_kniazew881@email.com', '581 272 715'),
	(777, 'Stanislaw', 'Gotzendorf-Grabowski', 1, 'stanislawgotzendorf-grabowski88@email.com', '262 529 250'),
	(778, 'Augustyna', 'Chartanowicz', 0, 'augustynachartanowicz508@email.com', '886 621 718'),
	(779, 'Bozena', 'Nowogram', 0, 'bozena-nowogram735@email.com', '612 329 594'),
	(780, 'Justyn', 'Matwijenko', 1, 'justynmatwijenko497@email.com', '475 390 244'),
	(781, 'Karolina', 'Depnarain', 0, 'karolina_depnarain142@email.com', '996 705 669'),
	(782, 'Stanislawa', 'Skoludek', 0, 'stanislawaskoludek460@email.com', '513 708 250'),
	(783, 'Jedrzej', 'Groskop', 1, 'jedrzej-groskop609@email.com', '477 855 732'),
	(784, 'Amina', 'Zielinska-Janik', 0, 'amina_zielinska-janik135@email.com', '965 483 078'),
	(785, 'Karolina', 'Bialokoz', 0, 'karolinabialokoz902@email.com', '874 342 107'),
	(786, 'Myslimir', 'Burdun', 1, 'myslimir-burdun216@email.com', '495 419 134'),
	(787, 'Hanna', 'Jaskowic', 0, 'hanna_jaskowic299@email.com', '208 667 166'),
	(788, 'Petra', 'Kulasiewicz', 0, 'petra_kulasiewicz631@email.com', '468 667 444'),
	(789, 'Szejma', 'Concannon', 0, 'szejma_concannon457@email.com', '776 079 072'),
	(790, 'Ingeborga', 'Mamala', 0, 'ingeborga_mamala733@email.com', '134 705 379'),
	(791, 'Pakoslaw', 'Kucytowski', 1, 'pakoslaw-kucytowski436@email.com', '253 342 169'),
	(792, 'Nika', 'Wieczerska', 0, 'nika-wieczerska370@email.com', '603 200 374'),
	(793, 'Sedzislaw', 'Pyndyk', 1, 'sedzislaw-pyndyk600@email.com', '182 699 261'),
	(794, 'Ladyslawa', 'Horoba', 0, 'ladyslawahoroba943@email.com', '099 085 423'),
	(795, 'Tadea', 'Szabelska', 0, 'tadeaszabelska495@email.com', '347 847 042'),
	(796, 'Lazarz', 'Zamiejski', 1, 'lazarz_zamiejski959@email.com', '267 196 579'),
	(797, 'Irena', 'Szkriba', 0, 'irena-szkriba204@email.com', '627 595 451'),
	(798, 'Ariel', 'Bogielczik', 1, 'ariel-bogielczik162@email.com', '520 885 582'),
	(799, 'Godzislaw', 'Drasik', 1, 'godzislaw_drasik907@email.com', '917 934 258'),
	(800, 'Otylia', 'Dia', 0, 'otyliadia758@email.com', '742 436 974'),
	(801, 'Longin', 'Rejnin', 1, 'longin-rejnin365@email.com', '802 108 101'),
	(802, 'Feliksa', 'Rabin', 0, 'feliksa_rabin447@email.com', '065 687 049'),
	(803, 'Manuel', 'Kornatowski', 1, 'manuelkornatowski42@email.com', '322 861 295'),
	(804, 'Dajmira', 'Ladanowska', 0, 'dajmira_ladanowska917@email.com', '091 806 155'),
	(805, 'Starwit', 'Churski', 1, 'starwitchurski722@email.com', '970 813 845'),
	(806, 'Oktawiusz', 'Bracio', 1, 'oktawiusz-bracio394@email.com', '453 742 363'),
	(807, 'Gracjana', 'Oldham', 0, 'gracjanaoldham638@email.com', '181 300 420'),
	(808, 'Zdzislawa', 'Mielechin', 0, 'zdzislawa-mielechin194@email.com', '875 873 470'),
	(809, 'Boguslawa', 'Drabner', 0, 'boguslawa_drabner571@email.com', '747 268 159'),
	(810, 'Swietibor', 'Walenczikowski', 1, 'swietibor_walenczikowski458@email.com', '539 077 493'),
	(811, 'Bona', 'Nazarowicz', 0, 'bonanazarowicz914@email.com', '984 302 387'),
	(812, 'Laila', 'Wuzik', 0, 'laila-wuzik91@email.com', '508 122 736'),
	(813, 'Radowit', 'Nabakowski', 1, 'radowitnabakowski751@email.com', '745 514 163'),
	(814, 'Bogusz', 'Taibert', 1, 'bogusztaibert418@email.com', '773 578 338'),
	(815, 'Beniamin', 'Blitek', 1, 'beniamin-blitek20@email.com', '225 051 617'),
	(816, 'Abigail', 'Onycher', 0, 'abigail-onycher569@email.com', '119 392 912'),
	(817, 'Kunegunda', 'Mukomielow', 0, 'kunegunda-mukomielow11@email.com', '955 158 235'),
	(818, 'Tadea', 'Wirth-Koliba', 0, 'tadea_wirth-koliba467@email.com', '741 522 195'),
	(819, 'Jeremiasz', 'Kersek', 1, 'jeremiaszkersek51@email.com', '323 957 472'),
	(820, 'Lew', 'Burnecki', 1, 'lew-burnecki363@email.com', '230 901 976'),
	(821, 'Hieronim', 'Olkuszewski', 1, 'hieronim_olkuszewski39@email.com', '106 268 576'),
	(822, 'Kunegunda', 'Putiatycka', 0, 'kunegunda_putiatycka277@email.com', '283 974 901'),
	(823, 'Eugeniusz', 'Zdanczyk', 1, 'eugeniuszzdanczyk422@email.com', '847 122 745'),
	(824, 'Jolanta', 'Milczak', 0, 'jolanta_milczak207@email.com', '216 985 628'),
	(825, 'Polikarp', 'Zebron', 1, 'polikarp_zebron606@email.com', '826 151 660'),
	(826, 'Lucyna', 'Schefczyk', 0, 'lucyna_schefczyk86@email.com', '642 305 382'),
	(827, 'Dorian', 'Matlinski-Niemiatowski', 1, 'dorian-matlinski-niemiatowski28@email.com', '635 529 150'),
	(828, 'Longin', 'Baba-Goc', 1, 'longin_baba-goc687@email.com', '802 758 987'),
	(829, 'Tomislaw', 'Turewicz', 1, 'tomislawturewicz111@email.com', '820 124 195'),
	(830, 'Otton', 'Koziura', 1, 'ottonkoziura441@email.com', '272 105 859'),
	(831, 'Slawek', 'Kubernak', 1, 'slawekkubernak320@email.com', '671 878 353'),
	(832, 'Husaria', 'Chrzescianska', 0, 'husaria_chrzescianska496@email.com', '082 645 369'),
	(833, 'Rudolfina', 'Knuth', 0, 'rudolfina-knuth787@email.com', '294 071 071'),
	(834, 'Eugeniusz', 'Curkan', 1, 'eugeniusz_curkan155@email.com', '350 320 085'),
	(835, 'Roderyk', 'Mlynarowicz', 1, 'roderykmlynarowicz679@email.com', '850 704 609'),
	(836, 'Arkadiusz', 'Sebastjan', 1, 'arkadiusz-sebastjan830@email.com', '893 114 724'),
	(837, 'Kira', 'Rubi', 0, 'kira_rubi695@email.com', '693 301 380'),
	(838, 'Mirabela', 'Szweblik', 0, 'mirabela-szweblik805@email.com', '890 988 844'),
	(839, 'Nikola', 'Chelis', 0, 'nikolachelis197@email.com', '071 782 030'),
	(840, 'Hanna', 'Seko', 0, 'hanna-seko722@email.com', '462 193 837'),
	(841, 'Swietomira', 'Rudalska', 0, 'swietomirarudalska124@email.com', '495 027 162'),
	(842, 'Paskal', 'Tarankiewicz', 1, 'paskaltarankiewicz203@email.com', '206 540 461'),
	(843, 'Jozefina', 'Bruszke', 0, 'jozefina-bruszke209@email.com', '356 658 716'),
	(844, 'Miriam', 'Lezynska', 0, 'miriamlezynska88@email.com', '747 173 403'),
	(845, 'Beniamin', 'Jobin', 1, 'beniamin-jobin791@email.com', '074 501 841'),
	(846, 'Elzbieta', 'Gunarska', 0, 'elzbietagunarska968@email.com', '714 633 476'),
	(847, 'Teodora', 'Zietka', 0, 'teodorazietka663@email.com', '158 073 730'),
	(848, 'Danuta', 'Szanderska', 0, 'danutaszanderska148@email.com', '278 637 500'),
	(849, 'Amalia', 'Szwaizer', 0, 'amalia-szwaizer881@email.com', '572 512 186'),
	(850, 'Najmila', 'Tonga', 0, 'najmila-tonga845@email.com', '691 382 494'),
	(851, 'Benedykt', 'Sikor', 1, 'benedyktsikor831@email.com', '449 843 347'),
	(852, 'Huberta', 'Kycler', 0, 'huberta-kycler630@email.com', '074 744 280'),
	(853, 'Radoslawa', 'Gaszyna', 0, 'radoslawa-gaszyna324@email.com', '283 445 607'),
	(854, 'Wlodzimierz', 'Prucko', 1, 'wlodzimierz-prucko95@email.com', '567 586 421'),
	(855, 'Natan', 'Laskowski', 1, 'natan-laskowski988@email.com', '231 445 644'),
	(856, 'Pola', 'Wojciak-Sokolowska', 0, 'pola_wojciak-sokolowska747@email.com', '668 472 015'),
	(857, 'Maksa', 'Dobaczynska', 0, 'maksa_dobaczynska61@email.com', '357 187 838'),
	(858, 'Ludmil', 'Henderson', 1, 'ludmilhenderson979@email.com', '229 785 999'),
	(859, 'Marcel', 'Starego', 1, 'marcel_starego412@email.com', '459 381 827'),
	(860, 'Jakub', 'Koterbski', 1, 'jakub_koterbski275@email.com', '098 857 474'),
	(861, 'Gardomir', 'Kaca', 1, 'gardomir-kaca477@email.com', '694 618 662'),
	(862, 'Ciechoslawa', 'Dobert', 0, 'ciechoslawadobert662@email.com', '997 371 869'),
	(863, 'Stojan', 'Radamski', 1, 'stojan_radamski213@email.com', '023 465 357');

INSERT INTO Employee (id, position_id, department_id, social_security_num, employment_date, leave_date)
VALUES (1, 5, 11, '54020303313', '2004-04-03', NULL),
	(2, 5, 10, '15070244230', '2008-10-24', NULL),
	(3, 8, 5, '21022088274', '2020-03-11', NULL),
	(4, 4, 1, '75010966990', '2016-08-15', NULL),
	(5, 4, 4, '10030560937', '2006-01-29', '2014-10-29'),
	(6, 16, 1, '22122236752', '2020-01-18', '2023-05-11'),
	(7, 7, 1, '86022224336', '2019-06-23', NULL),
	(8, 16, 1, '44061980136', '2006-09-27', NULL),
	(9, 13, 5, '36032151973', '2011-07-28', NULL),
	(10, 8, 4, '48042035053', '2006-11-18', NULL),
	(11, 16, 1, '33050713572', '2012-06-25', NULL),
	(12, 14, 1, '34100147103', '2014-11-22', NULL),
	(13, 16, 1, '67043014674', '2004-03-01', NULL),
	(14, 16, 2, '78090914183', '2021-09-22', NULL),
	(15, 16, 2, '45050251600', '2018-07-24', NULL),
	(16, 4, 10, '27042316078', '2012-03-14', NULL),
	(17, 16, 2, '24111429248', '2004-09-25', NULL),
	(18, 16, 2, '46073189200', '2012-04-06', '2018-10-29'),
	(19, 16, 3, '87070432090', '2018-01-29', '2020-04-06'),
	(20, 16, 3, '27042269956', '2012-12-20', NULL),
	(21, 3, 2, '96012242666', '2021-03-10', NULL),
	(22, 16, 3, '00271898607', '2021-01-17', '2022-01-27'),
	(23, 16, 4, '30071049547', '2010-12-08', '2019-10-18'),
	(24, 16, 4, '54011940473', '2008-12-04', '2013-11-07'),
	(25, 16, 5, '85012950011', '2023-09-18', '2023-10-10'),
	(26, 10, 5, '16030905026', '2021-06-11', NULL),
	(27, 10, 7, '96021171393', '2020-09-14', NULL),
	(28, 16, 5, '62022041926', '2006-11-15', NULL),
	(29, 16, 6, '17062824923', '2003-04-02', NULL),
	(30, 16, 7, '52120857552', '2017-08-23', NULL),
	(31, 16, 8, '05122284581', '2017-07-04', NULL),
	(32, 10, 9, '56120414656', '2006-11-11', NULL),
	(33, 16, 9, '38061164526', '2016-06-10', NULL),
	(34, 9, 13, '34101679795', '2019-07-10', NULL),
	(35, 16, 10, '97092642447', '2021-12-16', NULL),
	(36, 16, 11, '78060360073', '2003-03-13', NULL),
	(37, 16, 12, '47070410836', '2002-03-02', NULL),
	(38, 16, 13, '21100941493', '2013-11-06', '2019-12-16'),
	(50, 8, 3, '15012748538', '2022-10-26', NULL),
	(57, 7, 10, '05110903302', '2006-05-16', NULL),
	(60, 11, 4, '22081953574', '2016-05-05', NULL),
	(65, 8, 2, '39021440650', '2011-03-21', NULL),
	(69, 10, 1, '16073159457', '2021-09-05', NULL),
	(73, 10, 1, '57111192478', '2006-01-18', NULL),
	(74, 7, 1, '81033002155', '2010-03-31', NULL),
	(76, 4, 4, '10011877416', '2010-10-28', NULL),
	(78, 8, 5, '68020572734', '2002-07-17', '2002-09-03'),
	(79, 14, 6, '58061078111', '2012-04-02', NULL),
	(81, 13, 2, '85011773666', '2011-11-22', NULL),
	(85, 14, 7, '40122302682', '2011-05-26', '2017-04-20'),
	(88, 4, 4, '76051992810', '2017-04-14', '2018-05-17'),
	(95, 14, 2, '51070220696', '2019-01-09', '2022-02-10'),
	(101, 5, 3, '10050985723', '2020-02-11', '2021-09-29'),
	(106, 10, 1, '87112943643', '2016-06-14', NULL),
	(113, 13, 13, '90081090777', '2013-01-19', NULL),
	(114, 11, 10, '54041504395', '2006-12-20', NULL),
	(115, 4, 13, '78042542123', '2015-07-23', '2016-03-28'),
	(116, 14, 1, '26031520300', '2009-10-21', NULL),
	(121, 4, 11, '18022110845', '2015-01-05', NULL),
	(125, 10, 5, '29112554939', '2002-02-07', '2017-10-04'),
	(126, 5, 13, '47122446752', '2004-06-22', NULL),
	(128, 5, 2, '92072245063', '2019-10-01', NULL),
	(130, 14, 13, '03121481268', '2019-10-12', NULL),
	(139, 3, 2, '58022178021', '2005-07-04', NULL),
	(141, 12, 7, '54032440233', '2004-05-29', NULL),
	(143, 8, 3, '82022787082', '2017-11-28', '2022-12-19'),
	(147, 5, 1, '90111127028', '2010-04-08', NULL),
	(158, 2, 10, '52102903549', '2018-10-30', NULL),
	(171, 12, 10, '56111947910', '2022-06-25', NULL),
	(174, 4, 4, '78120708254', '2008-09-01', NULL),
	(181, 13, 1, '26071146001', '2009-07-15', NULL),
	(189, 5, 1, '18041638533', '2023-01-07', '2023-01-30'),
	(190, 9, 8, '12012435745', '2018-02-02', NULL),
	(193, 11, 10, '37080438078', '2002-12-12', NULL),
	(195, 4, 3, '17010179396', '2005-03-27', NULL),
	(197, 13, 1, '94122743440', '2016-07-22', NULL),
	(201, 10, 5, '51103121006', '2017-02-05', NULL),
	(203, 2, 5, '56032860514', '2017-01-28', NULL),
	(218, 4, 6, '88081604094', '2007-12-27', NULL),
	(221, 6, 6, '30080242331', '2007-04-13', NULL),
	(228, 4, 6, '36042528031', '2017-12-25', NULL),
	(235, 14, 1, '28121207030', '2023-08-02', NULL),
	(238, 9, 5, '78051726172', '2017-11-28', NULL),
	(241, 5, 4, '99050273953', '2020-09-10', NULL),
	(248, 4, 10, '78062855092', '2013-11-21', NULL),
	(250, 14, 12, '73041183667', '2005-03-04', NULL),
	(254, 8, 3, '04062596956', '2014-12-28', NULL),
	(258, 8, 10, '57010967416', '2009-12-27', '2010-03-12'),
	(259, 4, 4, '13102117749', '2012-08-24', NULL),
	(262, 4, 4, '31100807901', '2003-09-14', '2021-02-15'),
	(263, 12, 5, '28071005197', '2022-07-29', NULL),
	(266, 9, 8, '10080987568', '2021-08-01', NULL),
	(269, 14, 1, '34060965281', '2016-11-15', NULL),
	(270, 5, 9, '36112138272', '2015-08-21', NULL),
	(272, 5, 5, '39081238268', '2007-02-03', NULL),
	(273, 5, 4, '09071264814', '2009-01-08', NULL),
	(276, 10, 12, '83091900080', '2007-05-17', NULL),
	(277, 11, 8, '38050411116', '2013-02-28', NULL),
	(278, 8, 9, '73040608329', '2010-09-12', NULL),
	(282, 10, 3, '13020872827', '2005-07-11', NULL),
	(286, 6, 2, '67030146414', '2008-04-25', NULL),
	(287, 4, 5, '71122374269', '2018-09-24', NULL),
	(289, 4, 8, '70081902128', '2018-08-16', NULL),
	(290, 9, 11, '23062971022', '2012-11-28', NULL),
	(297, 10, 9, '87021399597', '2009-03-20', '2013-04-03'),
	(298, 10, 3, '18060979844', '2023-03-29', NULL),
	(318, 6, 1, '11072875164', '2016-10-24', NULL),
	(327, 4, 1, '26090842320', '2021-08-20', NULL),
	(328, 10, 4, '52112189315', '2005-06-24', NULL),
	(329, 4, 1, '04212425095', '2022-03-11', NULL),
	(332, 2, 2, '93092347191', '2020-02-26', NULL),
	(334, 3, 12, '37070673467', '2015-10-16', NULL),
	(337, 6, 1, '68052556801', '2014-08-10', NULL),
	(338, 10, 11, '31081430961', '2007-10-15', NULL),
	(339, 4, 5, '86071090762', '2011-12-18', NULL),
	(345, 10, 4, '87033001590', '2010-09-28', NULL),
	(351, 8, 2, '94082212660', '2021-02-19', NULL),
	(352, 9, 1, '26041028106', '2015-06-01', NULL),
	(356, 7, 5, '58080417373', '2009-10-12', NULL),
	(358, 15, 10, '14040974566', '2002-03-24', NULL),
	(360, 10, 12, '00240608253', '2021-03-18', '2021-04-18'),
	(369, 8, 1, '26102453588', '2022-10-30', NULL),
	(375, 5, 7, '23011252338', '2005-01-31', NULL),
	(379, 11, 3, '95103126890', '2017-03-06', NULL),
	(387, 2, 5, '74033152678', '2018-04-27', NULL),
	(390, 10, 10, '61011923447', '2009-08-09', NULL),
	(392, 8, 7, '08091343628', '2004-04-12', NULL),
	(393, 14, 8, '44020369110', '2022-07-30', NULL),
	(404, 10, 3, '53021653496', '2018-08-21', NULL),
	(407, 15, 11, '79060780005', '2020-12-05', NULL),
	(409, 12, 3, '48031634160', '2009-07-23', '2021-10-06'),
	(413, 3, 10, '51071431471', '2006-06-16', NULL),
	(414, 5, 1, '09012950277', '2020-09-18', NULL),
	(416, 10, 2, '65062266889', '2017-12-25', NULL),
	(417, 5, 11, '27112959020', '2011-03-05', NULL),
	(418, 11, 13, '74060204951', '2022-09-06', NULL),
	(426, 15, 3, '59061954562', '2022-03-16', NULL),
	(428, 4, 11, '07122225588', '2004-03-10', NULL),
	(433, 12, 13, '79112989684', '2023-09-27', NULL),
	(437, 2, 6, '10030550842', '2015-09-25', NULL),
	(440, 2, 13, '29100359559', '2008-05-10', '2012-02-20'),
	(441, 15, 1, '47051917125', '2018-10-02', NULL),
	(442, 8, 12, '36010368410', '2016-09-11', NULL),
	(448, 9, 3, '86011391102', '2011-02-13', NULL),
	(454, 12, 2, '79102793976', '2016-08-16', NULL),
	(462, 10, 2, '55082791898', '2006-12-11', NULL),
	(463, 11, 11, '81052832795', '2006-08-03', NULL),
	(467, 10, 10, '42060882817', '2010-06-18', NULL),
	(471, 15, 2, '55032343403', '2012-07-19', NULL),
	(476, 8, 4, '39021568224', '2007-04-05', '2022-03-06'),
	(477, 10, 3, '13053180430', '2008-10-19', '2010-05-10'),
	(480, 4, 5, '26040290951', '2023-07-02', NULL),
	(482, 3, 2, '60011068819', '2022-06-15', NULL),
	(484, 13, 8, '22070338571', '2015-05-31', NULL),
	(485, 8, 1, '14081084811', '2019-04-20', NULL),
	(488, 5, 3, '71091776455', '2013-10-19', NULL),
	(491, 4, 6, '52052514424', '2008-05-09', NULL),
	(494, 4, 7, '40050970746', '2005-05-16', NULL),
	(496, 3, 7, '64010695717', '2021-05-20', NULL),
	(500, 2, 6, '35052705948', '2017-10-08', NULL),
	(506, 14, 7, '60091748735', '2022-08-24', NULL),
	(508, 5, 1, '44041590436', '2008-02-18', NULL),
	(511, 3, 3, '76030324399', '2021-04-19', NULL),
	(523, 12, 3, '31081495841', '2002-10-21', NULL),
	(527, 10, 1, '66101694001', '2008-07-27', NULL),
	(531, 4, 3, '40071453046', '2023-03-02', NULL),
	(536, 13, 5, '95011195265', '2022-11-12', NULL),
	(541, 14, 2, '74041657763', '2005-08-29', '2017-03-16'),
	(544, 6, 5, '32080422043', '2018-01-21', '2019-10-27'),
	(549, 4, 1, '32110919307', '2017-07-28', NULL),
	(553, 14, 12, '55091494021', '2007-07-19', NULL),
	(564, 10, 5, '21081543620', '2023-08-16', NULL),
	(573, 2, 3, '66112141350', '2017-12-21', NULL),
	(574, 6, 11, '18010260022', '2002-06-14', NULL),
	(585, 4, 7, '85030134161', '2004-01-04', NULL),
	(586, 8, 5, '30040120158', '2006-02-24', '2007-03-16'),
	(589, 2, 4, '29092477394', '2016-10-28', NULL),
	(595, 13, 12, '90052978464', '2015-03-23', NULL),
	(601, 13, 7, '18122431082', '2020-09-06', NULL),
	(605, 2, 3, '28061039106', '2005-11-07', NULL),
	(609, 6, 1, '71060634735', '2004-05-27', NULL),
	(612, 3, 13, '31121409456', '2023-09-28', NULL),
	(615, 5, 6, '11110480361', '2019-09-04', NULL),
	(618, 5, 6, '48060835534', '2005-05-22', '2023-09-17'),
	(627, 4, 3, '59050917969', '2012-07-31', NULL),
	(629, 2, 11, '58052900496', '2010-05-15', '2021-05-31'),
	(644, 14, 2, '37103052140', '2014-09-18', NULL),
	(649, 10, 4, '07120881241', '2009-01-02', NULL),
	(651, 11, 11, '41011486179', '2006-10-19', '2009-05-24'),
	(657, 11, 3, '05120636144', '2008-04-06', NULL),
	(658, 10, 8, '73081160730', '2007-06-30', NULL),
	(659, 14, 11, '32090847937', '2013-10-09', NULL),
	(660, 10, 2, '77112495844', '2013-01-24', NULL),
	(661, 4, 1, '86101119081', '2012-06-10', NULL),
	(670, 6, 3, '11051651589', '2011-11-25', NULL),
	(672, 4, 3, '73060808493', '2009-01-21', NULL),
	(677, 10, 3, '39013052760', '2010-07-01', NULL),
	(680, 2, 5, '85010196640', '2011-04-12', NULL),
	(681, 8, 12, '44053003184', '2005-04-29', NULL),
	(687, 4, 2, '24092068603', '2002-08-06', NULL),
	(693, 10, 13, '61071841396', '2013-09-13', NULL),
	(695, 5, 2, '38090193719', '2004-09-14', '2017-08-22'),
	(703, 5, 11, '57102055005', '2022-08-11', NULL),
	(707, 12, 8, '12061274434', '2006-02-03', NULL),
	(710, 5, 9, '14030841719', '2017-06-27', NULL),
	(712, 4, 4, '88121544874', '2010-07-10', '2013-05-21'),
	(729, 10, 9, '05021728924', '2014-07-23', NULL),
	(730, 4, 1, '03211527906', '2021-01-11', NULL),
	(735, 14, 3, '33010148921', '2018-02-24', NULL),
	(737, 10, 3, '37060489096', '2015-08-31', NULL),
	(738, 4, 2, '89021954213', '2016-11-17', NULL),
	(739, 5, 2, '51080569330', '2003-09-25', NULL),
	(747, 13, 4, '23071522831', '2010-05-11', '2014-10-01'),
	(750, 11, 1, '65053029099', '2020-06-24', NULL),
	(753, 2, 8, '05041221504', '2013-02-26', NULL),
	(757, 4, 1, '67071927517', '2011-05-27', NULL),
	(767, 11, 5, '07102694652', '2019-10-17', NULL),
	(773, 4, 11, '83013154717', '2015-06-20', NULL),
	(778, 4, 11, '50090598080', '2010-05-03', NULL),
	(782, 6, 4, '46051884464', '2003-08-19', NULL),
	(783, 2, 9, '52013008739', '2012-05-13', NULL),
	(789, 11, 7, '74021762841', '2019-06-10', NULL),
	(791, 11, 4, '13110272414', '2023-05-07', NULL),
	(792, 5, 5, '13122543683', '2017-11-29', NULL),
	(796, 7, 2, '09031991150', '2019-10-15', NULL),
	(797, 15, 1, '74052867388', '2012-02-03', NULL),
	(799, 4, 2, '37041964332', '2017-06-15', NULL),
	(808, 12, 12, '74011632509', '2015-01-09', NULL),
	(810, 5, 3, '75101363934', '2015-06-25', NULL),
	(813, 8, 4, '27050556619', '2004-10-21', NULL),
	(816, 4, 1, '46030234985', '2020-04-16', NULL),
	(820, 15, 2, '93042545358', '2018-03-01', NULL),
	(822, 4, 12, '73031174749', '2019-09-16', NULL),
	(823, 4, 1, '75102900170', '2023-03-08', NULL),
	(825, 11, 12, '72091157615', '2006-04-19', NULL),
	(835, 2, 4, '08092747513', '2004-01-17', NULL),
	(837, 4, 12, '75100456888', '2006-11-27', NULL),
	(838, 8, 12, '33081446582', '2018-07-22', NULL),
	(839, 10, 8, '92051409747', '2023-10-16', NULL),
	(841, 10, 8, '21062279744', '2007-07-30', NULL),
	(846, 1, 1, '79062820064', '2002-01-28', NULL),
	(848, 15, 2, '48102827545', '2013-05-12', NULL),
	(852, 4, 3, '86012291067', '2023-05-14', NULL),
	(854, 3, 1, '85100278355', '2018-10-11', NULL),
	(855, 10, 11, '41042122871', '2008-11-12', NULL),
	(856, 13, 2, '53080455668', '2008-10-01', NULL),
	(858, 7, 4, '39053167073', '2009-10-07', NULL),
	(860, 4, 3, '68062652515', '2018-08-10', NULL),
	(862, 14, 5, '79100319866', '2010-03-22', NULL),
	(863, 7, 11, '32032959450', '2011-02-07', NULL);

INSERT INTO Car (id, owner, license_plate, make, model, year)
VALUES (1, 39, 'WU 37FEE', 'AUDI', 'A7 QUATTRO', 2012),
	(3, 41, 'TV BZ521', 'BOMBARDIER', 'DS90', 2005),
	(4, 42, 'JC RLECZ', 'FORD', 'FIVE HUNDRED', 2007),
	(5, 43, 'LL M8B8X', 'MERCEDES-BENZ', 'ML350', 2004),
	(6, 44, 'LQ 73O62', 'BIG DOG', 'COYOTE', 2011),
	(7, 45, 'JN YDK27', 'VOLVO', 'S80', 2010),
	(8, 46, 'IX P6L11', 'GMC', 'YUKON', 2004),
	(9, 47, 'GS EL73B', 'NISSAN', 'NV3500', 2012),
	(10, 48, 'OB 0738P', 'MITSUBISHI FUSO', 'FM-MR', 2002),
	(11, 49, 'UT VFCPG', 'KAWASAKI', 'JT900 900STX', 2004),
	(12, 51, 'VA X2FS1', 'GMC', 'SAVANA 4500', 2010),
	(13, 52, 'ZL 0FCJ3', 'HONDA', 'CBR600RR ABS', 2009),
	(14, 53, 'LO 90R8N', 'BMW', '740I', 2015),
	(15, 54, 'VY K530P', 'YAMAHA', 'YFM700 GRIZZLY FI 4X4 AUTO EPS', 2013),
	(16, 55, 'XV 1K06Q', 'SUZUKI', 'C50 BOULEVARD SE', 2013),
	(17, 56, 'DL RS00R', 'MACK', 'CV', 2007),
	(18, 58, 'HB VO7O1', 'TOYOTA', 'TACOMA', 2009),
	(19, 59, 'FM 7J27Z', 'SEA-DOO', 'WAKE PRO 215', 2013),
	(20, 61, 'SQ 35Q93', 'KAWASAKI', 'KRF750 TERYX FI 4X4 LE CAMO', 2013),
	(21, 62, 'PC 2V305', 'SUZUKI', 'GSX-R1000', 2004),
	(22, 63, 'QM 1006J', 'UD', '2000', 2010),
	(23, 64, 'MQ UQ975', 'SKI-DOO', 'SKANDIC WT E-TEC 600 HO', 2011),
	(24, 66, 'XV OEWL7', 'YAMAHA', 'RX10LTGT APEX LTX GT', 2009),
	(25, 67, 'US 0GI68', 'KAWASAKI', 'KVF750 BRUTE FORCE 4X4I', 2010),
	(26, 68, 'RF 47424', 'SKI-DOO', 'EXPEDITION SE 4-TEC 1200', 2015),
	(27, 70, 'KN 8239C', 'SUBARU', 'FORESTER', 2010),
	(28, 71, 'LN 504W1', 'POLARIS', 'RANGER RZR 800 S', 2013),
	(29, 72, 'LV L226C', 'BENTLEY', 'CONTINENTAL', 2002),
	(30, 75, 'XI M38I7', 'MAZDA', 'B4000', 2006),
	(31, 77, 'LS 69601', 'AUDI', 'S5', 2009),
	(32, 80, 'XZ H03V2', 'YAMAHA', 'YFM450 GRIZZLY 4X4 AUTO', 2012),
	(33, 82, 'VV QU6AE', 'FORD', 'F-450', 2013),
	(34, 83, 'KE F5DRG', 'CHEVROLET', 'EXPRESS 4500', 2011),
	(35, 84, 'EH 63A6R', 'LAMBORGHINI', 'DIABLO', 2001),
	(36, 86, 'TF 52902', 'HONDA', 'NC700X', 2014),
	(37, 87, 'XT R6127', 'MAZDA', 'MX-5', 2012),
	(38, 89, 'RX 4JHXB', 'LINCOLN', 'TOWN CAR', 2011),
	(39, 90, 'UC 9U9T4', 'SKI-DOO', 'RENEGADE ADRENALINE 4-TEC 1200', 2013),
	(40, 91, 'EO 6P4DO', 'ALFA ROMEO', '147', 2006),
	(41, 92, 'KB 98VT3', 'POLARIS', 'SPORT TOURING', 2002),
	(42, 93, 'CR RY060', 'AUDI', 'A8 QUATTRO', 2005),
	(43, 94, 'NB 8181X', 'SEA-DOO', 'RXT 260', 2011),
	(44, 96, 'ZK E8XZ5', 'KYMCO', 'MXU150', 2010),
	(45, 97, 'UE VLQB3', 'FREIGHTLINER', 'ARGOSY', 2008),
	(46, 98, 'NI VHN81', 'TRIUMPH', 'TIGER EXPLORER XC', 2013),
	(47, 99, 'AF 9CC9I', 'HYUNDAI', 'ELANTRA', 2007),
	(48, 100, 'WS TKKB0', 'YAMAHA', 'RX10R APEX ER', 2007),
	(49, 102, 'SY 516WP', 'MERCEDES-BENZ', 'A250', 2014),
	(50, 103, 'AJ Q601R', 'HUSQVARNA', 'TC250', 2010),
	(51, 104, 'HT Y62GN', 'FERRARI', '458 ITALIA', 2014),
	(52, 105, 'FG 24IOF', 'MACK', 'CHU', 2009),
	(53, 107, 'ZN EY270', 'POLARIS', 'MAGNUM 500 4X4', 2003),
	(54, 108, 'OD C779I', 'YAMAHA', 'XC50 VINO 50 CLASSIC', 2008),
	(55, 109, 'RE 0017X', 'KAWASAKI', 'ER-6N', 2010),
	(56, 110, 'GD HBH97', 'CAN-AM', 'DS 70', 2014),
	(57, 111, 'RD WH7BD', 'CHEVROLET', 'TAHOE', 2013),
	(58, 112, 'FT PZHWI', 'MERCEDES-BENZ', 'ML500', 2007),
	(59, 117, 'WK Y0ZVF', 'HARLEY DAVIDSON', 'XL883L SUPERLOW', 2012),
	(60, 118, 'HM ILP4Q', 'PONTIAC', 'GRAND AM', 2002),
	(61, 119, 'CR 404L1', 'DUCATI', 'MULTISTRADA 1200 S', 2010),
	(62, 120, 'JY 670UH', 'SATURN', 'LW300', 2002),
	(63, 122, 'NX 8CPE2', 'AUDI', 'A8 QUATTRO', 2002),
	(64, 123, 'EG N3GTK', 'BMW', 'G650GS', 2010),
	(65, 124, 'TT 8XDE9', 'SKI-DOO', 'MX Z X E-TEC 600 HO', 2012),
	(66, 127, 'OF JO4Y5', 'BOMBARDIER', 'DS90', 2004),
	(67, 129, 'MP 0289C', 'SEAT', 'TOLEDO', 2003),
	(68, 131, 'KF 60KI9', 'YAMAHA', 'YW125 ZUMA 125', 2012),
	(69, 132, 'VE 5I9N8', 'STERLING TRUCK', 'AT9500', 2005),
	(70, 133, 'KG 1X1Z7', 'VOLKSWAGEN', 'POINTER', 2008),
	(71, 134, 'JN 0924K', 'MITSUBISHI', 'OUTLANDER', 2011),
	(72, 135, 'AQ XTL55', 'BLUE BIRD', 'ALL AMERICAN', 2014),
	(73, 136, 'GY J4UXA', 'POLARIS', '800 INDY SP', 2014),
	(74, 137, 'LY KUY27', 'INTERNATIONAL', 'CF500', 2009),
	(75, 138, 'NT 41O76', 'KAWASAKI', 'KAF620 MULE 3010 TRANS 4X4', 2005),
	(76, 140, 'AV 6I476', 'MITSUBISHI', 'OUTLANDER SPORT', 2014),
	(77, 142, 'GZ EHJ54', 'BMW', 'R1200C CLASSIC', 2001),
	(78, 144, 'WX FVNYR', 'ARCTIC CAT', 'MOUNTAIN CAT 800 EFI 151', 2004),
	(79, 145, 'KB 3RNF3', 'POLARIS', 'RZR 170', 2014),
	(80, 146, 'WM Y95S1', 'POLARIS', '600 RMK', 2005),
	(81, 148, 'HL L6I64', 'HARLEY DAVIDSON', 'FLSTSB CROSS BONES', 2011),
	(82, 149, 'UY 36U42', 'WORKHORSE', 'FASTRACK FT1460', 2002),
	(83, 150, 'LG I5X46', 'SUZUKI', 'GSX1300R HAYABUSA', 2014),
	(84, 151, 'XY SE4Q2', 'ARCTIC CAT', 'M8 EFI 153', 2007),
	(85, 152, 'OR IP3K2', 'TOYOTA', 'HIGHLANDER', 2006),
	(86, 153, 'RW 348PI', 'CUB CADET', 'VOLUNTEER 4X4D', 2009),
	(88, 155, 'SY 0KMXZ', 'SATURN', 'L300-2', 2004),
	(89, 156, 'NB D4FWK', 'BMW', 'HP4', 2013),
	(90, 157, 'FK 1W8G5', 'JEEP', 'LIBERTY', 2008),
	(91, 159, 'UO FZ6W9', 'SAAB', '9-3', 2011),
	(92, 160, 'DU VBDS6', 'AUDI', 'ALLROAD', 2014),
	(93, 161, 'VE HAET8', 'MAZDA', '5', 2014),
	(94, 162, 'OA J4DS5', 'SUBARU', 'TRIBECA', 2013),
	(95, 163, 'YD 4EMOE', 'HONDA', 'CBR1100XX SUPER BLACKBIRD', 2001),
	(96, 164, 'RL 76BNW', 'BUICK', 'RENDEZVOUS', 2007),
	(97, 165, 'YP KT110', 'NEW FLYER', 'C40LF', 2004),
	(98, 166, 'WP 45W6C', 'YAMAHA', 'FX10RTRA FX NYTRO RTX 40TH ANNIV', 2008),
	(99, 167, 'MO 79W84', 'SKI-DOO', 'MX Z 600 RENEGADE X', 2006),
	(100, 168, 'UJ 56R10', 'INTERNATIONAL', '1652SC', 2008),
	(101, 169, 'JY QAT06', 'MERCEDES-BENZ', 'ML320', 2002),
	(102, 170, 'AY IL00D', 'KAWASAKI', 'KLR250', 2002),
	(103, 172, 'FN 8Z7IT', 'YAMAHA', 'XVS1100A V STAR 1100 CLASSIC', 2008),
	(104, 173, 'CV X2JZ4', 'INTERNATIONAL', '3300', 2009),
	(105, 175, 'PV 1V33O', 'HONDA', 'NPS50S RUCKUS', 2008),
	(106, 176, 'KC ZNMSA', 'YAMAHA', 'VT700 VENTURE 700', 2001),
	(107, 177, 'TF 882ST', 'YAMAHA', 'VX1100 WAVERUNNER 1100 SPORT', 2005),
	(108, 178, 'VM 820C5', 'SMART', 'CITY-COUPE', 2004),
	(109, 179, 'DY 0799Z', 'BMW', 'X3', 2005),
	(110, 180, 'TQ W257Q', 'INTERNATIONAL', '5900I SBA', 2011),
	(111, 182, 'TQ 1ZWL5', 'LAND ROVER', 'RANGE ROVER EVOQUE', 2015),
	(112, 183, 'FN 0I326', 'MAZDA', '3 SPORT', 2014),
	(113, 184, 'OJ 0XS0Y', 'POLARIS', 'SPORTSMAN 400 HO', 2013),
	(114, 185, 'IB 4W17C', 'BMW', '760LI', 2012),
	(115, 186, 'HB 9TRXM', 'BMW', '323I', 2008),
	(116, 187, 'XI 74L3F', 'POLARIS', 'RANGER 4X4 500', 2004),
	(117, 188, 'SW M89X1', 'GMC', 'SIERRA DENALI', 2007),
	(118, 191, 'ZO Y80QK', 'POLARIS', '600 RMK 155', 2010),
	(119, 192, 'YS 64675', 'HYUNDAI', 'TUCSON', 2012),
	(120, 194, 'MF LI8Q5', 'SKI-DOO', 'LEGEND 700 SE', 2003),
	(121, 196, 'QU X74T4', 'HONDA', 'VT1100C2 SHADOW SABRE', 2002),
	(122, 198, 'HI 468B4', 'BMW', '530I', 2006),
	(123, 199, 'HN CP251', 'HONDA', 'XR650R', 2001),
	(124, 200, 'VZ D0KKW', 'SKI-DOO', 'GRAND TOURING 550F SPORT', 2012),
	(125, 202, 'QG 6V4YB', 'APRILIA', 'SXV 450', 2012),
	(126, 204, 'PM 7IIQ6', 'HARLEY DAVIDSON', 'FLTRI ROAD GLIDE', 2004),
	(127, 205, 'RU KKIH0', 'KTM', '125 SXS', 2006),
	(128, 206, 'RW 9NBIX', 'RAM', '1500', 2013),
	(130, 208, 'ZP T83GL', 'BIG DOG', 'CHOPPER', 2006),
	(131, 209, 'ZT LGYC3', 'MERCEDES-BENZ', 'SL550', 2007),
	(132, 210, 'XD 38I92', 'POLARIS', 'SPORTSMAN 550 EPS', 2013),
	(133, 211, 'IO VLBZ5', 'KIA', 'SORENTO', 2003),
	(134, 212, 'XH CZL0Z', 'KAWASAKI', 'KX250', 2004),
	(135, 213, 'DW OJ8PT', 'MERCURY', 'MARINER', 2007),
	(136, 214, 'QH 6O6J8', 'YAMAHA', 'XA800A WAVERUNNER XLT800', 2004),
	(137, 215, 'HF 2DF2E', 'MERCEDES-BENZ', 'SLK300', 2011),
	(138, 216, 'FK MU54L', 'YAMAHA', 'YFM250 RAPTOR', 2008),
	(139, 217, 'EB 848F9', 'MERCEDES-BENZ', 'E500', 2006),
	(140, 219, 'WW G96K9', 'NEW FLYER', 'C30LF', 2004),
	(141, 220, 'GZ 6535I', 'BMW', '650I XDRIVE GRAN COUPE', 2013),
	(142, 222, 'ON GFAEJ', 'HARLEY DAVIDSON', 'XL1200C SPORTSTER 1200 CUSTOM', 2006),
	(143, 223, 'UE C84G9', 'LAND ROVER', 'LR2', 2014),
	(144, 224, 'OP 0J6B6', 'BMW', 'F650GS DAKAR', 2006),
	(145, 225, 'HE 3O66J', 'JEEP', 'COMPASS', 2014),
	(146, 226, 'JE 2F8ZP', 'AVANTI', 'AVANTI', 2007),
	(147, 227, 'MI 9A0Y1', 'BMW', 'R1100S BOXER CUP', 2002),
	(148, 229, 'OT B5K45', 'FREIGHTLINER', '108SD', 2014),
	(149, 230, 'OX 4VDI3', 'WORKHORSE', 'FASTRACK FT1601', 2004),
	(150, 231, 'PB 2D889', 'YAMAHA', 'XVS650AT V STAR SILVERADO', 2006),
	(151, 232, 'RX VQ4V7', 'CHEVROLET', 'TORNADO', 2009),
	(152, 233, 'ZK 3BRE4', 'POLARIS', '800 RMK 155', 2011),
	(153, 234, 'UM 35O0J', 'MERCURY', 'MARAUDER', 2004),
	(154, 236, 'QF 9MI1A', 'POLARIS', 'FST SWITCHBACK', 2007),
	(155, 237, 'VL OYDPK', 'STERLING', '360', 2008),
	(156, 239, 'KY HX8R7', 'KYMCO', 'MXU150', 2011),
	(157, 240, 'UE 1S7N8', 'MERCEDES-BENZ', 'E550', 2008),
	(158, 242, 'NK 0HX9M', 'FORD', 'F-550', 2015),
	(159, 243, 'VJ 97K0E', 'SKI-DOO', 'EXPEDITION 600 TUV YETI II', 2009),
	(160, 244, 'MZ 57524', 'INTERNATIONAL', '4400LP', 2007),
	(161, 245, 'PQ 37928', 'CHEVROLET', 'VENTURE', 2002),
	(162, 246, 'VB 617K6', 'HARLEY DAVIDSON', 'FLSTFB FAT BOY LO', 2014),
	(163, 247, 'VJ XL1SF', 'E-TON', 'YUKON II CXL 150', 2010),
	(164, 249, 'LQ RLXBG', 'TOYOTA', 'COROLLA', 2007),
	(165, 251, 'TR 7BQBQ', 'POLARIS', '700 EDGE TOURING', 2004),
	(166, 252, 'KZ B4LBI', 'VOLVO', 'C70', 2008),
	(167, 253, 'LP KYP7V', 'GMC', 'C5500 TOPKICK', 2007),
	(168, 255, 'OL O1C3Y', 'BUELL', 'XB12SCG LIGHTNING', 2008),
	(169, 256, 'CL 5Z42W', 'ISUZU', 'NRR', 2009),
	(170, 257, 'QJ AEB96', 'ARCTIC CAT', 'M1000 EFI 162', 2009),
	(171, 260, 'VA 009Q6', 'PEUGEOT', '2008', 2015),
	(172, 261, 'TM 40P90', 'CHEVROLET', 'EXPRESS CARGO', 2012),
	(173, 264, 'CB 16C64', 'HINO', 'FA1517', 2004),
	(174, 265, 'LO C3TWB', 'HONDA', 'GL1500C/CD VALKYRIE', 2002),
	(175, 267, 'ST 2Q875', 'KAWASAKI', 'KLX110L', 2012),
	(176, 268, 'QB 18H54', 'ASTON MARTIN', 'DB9', 2005),
	(177, 271, 'PJ E7L1J', 'HONDA', 'AQUATRAX F-15X GPSCAPE', 2008),
	(178, 274, 'XY W6I2I', 'KAWASAKI', 'ZX1000 NINJA ZX-10R', 2005),
	(179, 275, 'FU HTBSI', 'SKI-DOO', 'MX Z 600 X', 2006),
	(180, 279, 'BV X64A4', 'YAMAHA', 'XV250 VIRAGO', 2006),
	(181, 280, 'QS EU0W4', 'TOYOTA', 'SEQUOIA', 2004),
	(182, 281, 'PG 5487J', 'HUSABERG', 'FS450E', 2008),
	(183, 283, 'PT M38W9', 'SUZUKI', 'M50 BOULEVARD', 2007),
	(184, 284, 'JM B19RU', 'ARCTIC CAT', 'TRV 550 XT', 2013),
	(185, 285, 'YL 99W41', 'SEA-DOO', 'LRV DI', 2003),
	(186, 288, 'VS 2543B', 'CHRYSLER', '200', 2012),
	(187, 291, 'KI 5ES68', 'HARLEY DAVIDSON', 'FLSTF FAT BOY', 2014),
	(188, 292, 'GE UT620', 'JAGUAR', 'XKR', 2014),
	(189, 293, 'WV DV0ER', 'FORD', 'RANGER', 2012),
	(190, 294, 'MB WK9Y0', 'SUZUKI', 'DR-Z125L', 2009),
	(191, 295, 'VK 585Z8', 'BMW', 'RG1200GS', 2006),
	(192, 296, 'SL 6PSES', 'STERLING TRUCK', 'L9500', 2007),
	(193, 299, 'NT 3ZPU6', 'ARCTIC CAT', 'F8 EFI SNO PRO TONY STEWART', 2007),
	(194, 300, 'BQ 766TN', 'CAN-AM', 'OUTLANDER 400 HO EFI XT', 2010),
	(195, 301, 'WM RYSV3', 'PONTIAC', 'VIBE', 2003),
	(196, 302, 'NF EZFN9', 'ARCTIC CAT', 'PANTERA 600 EFI ESR', 2003),
	(197, 303, 'LU 86SW7', 'E-TON', 'ROVER GT', 2007),
	(198, 304, 'AZ QDL92', 'SUBARU', 'IMPREZA', 2006),
	(199, 305, 'AT R50ZJ', 'ARCTIC CAT', 'SABERCAT 600', 2004),
	(201, 307, 'ZK WJ6RE', 'BMW', 'R1100S ABS', 2002),
	(202, 308, 'CJ 85TEK', 'TRIUMPH', 'THUNDERBIRD', 2013),
	(203, 309, 'PJ 8JHP1', 'YAMAHA', 'YZF600R', 2006),
	(204, 310, 'UX 4370E', 'TRIUMPH', 'SPEED TRIPLE', 2010),
	(205, 311, 'GI 5H149', 'HONDA', 'FSC600A SILVER WING ABS', 2007),
	(206, 312, 'OA AEW3E', 'KTM', '50 MINI ADVENTURE', 2005),
	(207, 313, 'DM 9T2F1', 'JAGUAR', 'XFR', 2010),
	(208, 314, 'JD I771P', 'YAMAHA', 'VX1100C WAVERUNNER VX SPORT', 2012),
	(209, 315, 'YL 87U10', 'HONDA', 'CRF450R', 2007),
	(210, 316, 'ON 3485V', 'PORSCHE', 'CAYENNE', 2009),
	(211, 317, 'GV QMZL1', 'APRILIA', 'RSV 1000 R FACTORY', 2006),
	(212, 319, 'BT L21F9', 'ARCTIC CAT', 'CROSSFIRE 1000 EFI', 2007),
	(213, 320, 'BB 4P3F5', 'BIG DOG', 'WOLF', 2002),
	(214, 321, 'YV X0KCX', 'TOYOTA', '4RUNNER', 2007),
	(215, 322, 'SN 63613', 'RAM', '1500', 2012),
	(216, 323, 'JF 68ZC5', 'MERCEDES-BENZ', 'E350', 2013),
	(217, 324, 'SV EKONF', 'SKI-DOO', 'MX Z 500 TRAIL', 2002),
	(218, 325, 'BM EPMP5', 'SUZUKI', 'RMZ250', 2007),
	(219, 326, 'MD 5PDH8', 'PORSCHE', '911', 2014),
	(220, 330, 'HE D0682', 'SCION', 'XB', 2015),
	(221, 331, 'DJ R16NP', 'KTM', '200 EXC', 2004),
	(222, 333, 'LO YZD5W', 'HINO', '145', 2007),
	(223, 335, 'BA 912BX', 'KAWASAKI', 'ZRX1200', 2003),
	(224, 336, 'TW R8BS8', 'TOYOTA', 'ECHO', 2004),
	(225, 340, 'PL WA26H', 'HONDA', 'VT750C SHADOW AERO', 2006),
	(226, 341, 'FJ JLICO', 'INTERNATIONAL', '7700', 2005),
	(227, 342, 'DE E4S0F', 'YAMAHA', 'YXP700A PRO HAULER 700', 2006),
	(229, 344, 'MI X7MF9', 'POLARIS', 'OUTLAW 50', 2011),
	(230, 346, 'RX YJX34', 'APRILIA', 'SR50R FACTORY', 2009),
	(231, 347, 'LB 9OOA7', 'SKI-DOO', 'GTX 800', 2005),
	(232, 348, 'JH YSK26', 'PETERBILT', '330', 2008),
	(233, 349, 'UM 0BP94', 'KAWASAKI', 'Z1000', 2008),
	(234, 350, 'OA QJV58', 'TOYOTA', 'CELICA', 2004),
	(235, 353, 'MM X5WU8', 'MERCEDES-BENZ', 'SL550', 2007),
	(236, 354, 'QP RX893', 'GMC', 'SIERRA 1500', 2007),
	(237, 355, 'LS 500A0', 'INTERNATIONAL', 'CF500', 2009),
	(238, 357, 'HB 70LGC', 'KAWASAKI', 'Z1000', 2005),
	(239, 359, 'QM I4856', 'HONDA', 'TRX250TE FOURTRAX RECON ES', 2012),
	(240, 361, 'IK 3K4CK', 'ARCTIC CAT', 'ZL 500', 2002),
	(241, 362, 'VJ WH0VF', 'LEXUS', 'GX460', 2013),
	(242, 363, 'XW JS97B', 'YAMAHA', 'FX1100A WAVERUNNER FX CRUISER HO', 2005),
	(243, 364, 'SR Z65IL', 'VOLKSWAGEN', 'TRANSPORTER', 2013),
	(244, 365, 'ZQ E4E6K', 'CHEVROLET', 'EXPRESS 2500', 2011),
	(245, 366, 'BV 4V6G6', 'KTM', '990 SUPER DUKE', 2005),
	(246, 367, 'XJ 69DMW', 'RENAULT', 'KANGOO EXPRESS', 2004),
	(247, 368, 'KH R4H02', 'BMW', 'R1200C MONTAUK', 2004),
	(248, 370, 'OO U293X', 'KUBOTA', 'RTV900', 2004),
	(249, 371, 'HH 6E7JX', 'HARLEY DAVIDSON', 'FLSTSI HERITAGE SPRINGER', 2001),
	(250, 372, 'RV 9MOV7', 'PETERBILT', '386', 2008),
	(251, 373, 'BI 31UPF', 'NEW FLYER', 'C40LF', 2003),
	(252, 374, 'IF 4X5TX', 'SEA-DOO', 'RXT X 255', 2008),
	(253, 376, 'WL 45D8U', 'KAWASAKI', 'KAF950 MULE 2510 DIESEL', 2002),
	(254, 377, 'YA U96XI', 'SUZUKI', 'C90T BOULEVARD', 2005),
	(255, 378, 'VD FSNY0', 'E-TON', 'ROVER', 2008),
	(256, 380, 'SO MFBB5', 'LINCOLN', 'AVIATOR', 2005),
	(257, 381, 'WD B4N84', 'FORD', 'FIESTA', 2004),
	(258, 382, 'MO 6S446', 'YAMAHA', 'YFZ450R', 2013),
	(259, 383, 'YF C5QHB', 'VICTORY', 'VEGAS', 2003),
	(260, 384, 'PX M7OPK', 'LOTUS', 'ESPRIT', 2001),
	(261, 385, 'TX V82SS', 'SUZUKI', 'DL650A V-STROM ABS', 2012),
	(262, 386, 'ZA M5ZSN', 'ARCTIC CAT', 'MOUNTAIN CAT 800', 2002),
	(263, 388, 'CR B0T57', 'SUBARU', 'LEGACY', 2006),
	(264, 389, 'DX 3PB24', 'YAMAHA', 'YFM600FW GRIZZLY 4X4', 2001),
	(265, 391, 'KX QG3CA', 'NISSAN', 'URVAN', 2003),
	(266, 394, 'XS RA3H4', 'TRIUMPH', 'BONNEVILLE T100 JET BLACK', 2011),
	(267, 395, 'WL H979S', 'GMC', 'B7', 2001),
	(268, 396, 'PK YAT88', 'CHEVROLET', 'UPLANDER', 2005),
	(269, 397, 'MP FH67Z', 'STERLING TRUCK', 'LT7500', 2005),
	(270, 398, 'WD A0151', 'HONDA', 'NT700V', 2010),
	(271, 399, 'JO 7J450', 'INTERNATIONAL', '3000RE', 2002),
	(272, 400, 'EZ 7SN1C', 'COBRA', 'CX65', 2009),
	(273, 401, 'DW 482CF', 'AUDI', 'A3', 2011),
	(274, 402, 'PF Q3N19', 'HYUNDAI', 'ENTOURAGE', 2008),
	(275, 403, 'EU 4ZHKG', 'SUZUKI', 'LT-F250 OZARK', 2005),
	(276, 405, 'IK 20I0Q', 'HONDA', 'RIDGELINE', 2012),
	(277, 406, 'VY 6GPO2', 'BMW', 'F800ST', 2012),
	(278, 408, 'DK U58D5', 'HONDA', 'CRF150R EXPERT', 2009),
	(279, 410, 'XF 5YU31', 'YAMAHA', 'GP1300 WAVERUNNER GP1300R', 2008),
	(280, 411, 'TJ U49SV', 'INFINITI', 'I30', 2001),
	(281, 412, 'TK LKLVZ', 'MOTO GUZZI', 'CALIFORNIA VINTAGE', 2008),
	(282, 415, 'CC S26KU', 'JAGUAR', 'XJ', 2015),
	(283, 419, 'SN 141GQ', 'INTERNATIONAL', '9200I SBA', 2008),
	(284, 420, 'PL L2082', 'CUB CADET', 'VOLUNTEER 4X4D', 2009),
	(285, 421, 'ER 2ACSA', 'INTERNATIONAL', '9400I SBA', 2005),
	(286, 422, 'AA H4U4N', 'GMC', 'ENVOY', 2003),
	(287, 423, 'TY W1639', 'CAN-AM', 'DS 450 X MX', 2010),
	(288, 424, 'ON 21957', 'DUCATI', '1199 PANIGALE R', 2014),
	(289, 425, 'KS U531D', 'ARCTIC CAT', 'MUDPRO 650', 2011),
	(290, 427, 'ZG BB4H0', 'HM', 'CRE 50', 2007),
	(291, 429, 'EC 2A62T', 'YAMAHA', 'XV1600A ROAD STAR', 2003),
	(292, 430, 'UB 9R664', 'HONDA', 'TRX350TM FOURTRAX RANCHER', 2003),
	(293, 431, 'HE 2XOXI', 'HONDA', 'TRX450FE FOURTRAX FOREMAN ES', 2001),
	(294, 432, 'HU 6NS79', 'KYMCO', 'PEOPLE S 250', 2009),
	(295, 434, 'OD 4963Y', 'BIG DOG', 'K-9 EFI', 2011),
	(296, 435, 'YJ X7THI', 'VESPA', 'GTS 300', 2013),
	(297, 436, 'AT 2031R', 'YAMAHA', 'WR250X', 2009),
	(298, 438, 'DJ 5377V', 'MITSUBISHI', 'MIRAGE', 2001),
	(299, 439, 'MT D99B5', 'SKI-DOO', 'MX Z 800 RENEGADE', 2003),
	(300, 443, 'GL 793P8', 'SUZUKI', 'LT-Z250 QUADSPORT Z', 2004),
	(301, 444, 'WC H698T', 'POLARIS', '600 SWITCHBACK', 2012),
	(302, 445, 'QG 4K5QP', 'INTERNATIONAL', '7500', 2007),
	(303, 446, 'JM NUBJ6', 'CHEVROLET', 'SILVERADO 2500', 2011),
	(304, 447, 'AL 5N4OQ', 'CAN-AM', 'RENEGADE 800R', 2014),
	(305, 449, 'TM GE8Q4', 'MERCEDES-BENZ', 'SLS AMG', 2011),
	(306, 450, 'UG FUTJC', 'FORD', 'F-450', 2006),
	(307, 451, 'SZ 41Y1V', 'PIAGGIO', 'MP3 400', 2010),
	(308, 452, 'JT 62259', 'MERCEDES-BENZ', 'SLK230', 2004),
	(309, 453, 'DZ BKUN9', 'AUDI', 'A6', 2012),
	(310, 455, 'RU 54XJ7', 'STERLING TRUCK', 'AT9500', 2002),
	(311, 456, 'VU 00H56', 'SKI-DOO', 'GRAND TOURING LE E-TEC 600 HO', 2015),
	(312, 457, 'PI K8VG3', 'YAMAHA', 'FX10MTR FX NYTRO MX', 2008),
	(313, 458, 'OK 2168Q', 'KAWASAKI', 'VN1500P VULCAN 1500 MEAN STREAK', 2003),
	(314, 459, 'TA G1Z4J', 'VICTORY', 'VEGAS JACKPOT', 2013),
	(315, 460, 'TN EZ91C', 'LOTUS', 'ELISE', 2005),
	(316, 461, 'WV J5885', 'ARCTIC CAT', '90 2X4', 2003),
	(317, 464, 'XI K93R9', 'POLARIS', 'SPORTSMAN FOREST 500', 2013),
	(318, 465, 'SX 7MV80', 'BUICK', 'LACROSSE', 2006),
	(319, 466, 'PI 9TU10', 'ARCTIC CAT', 'BEARCAT 570 XT', 2010),
	(320, 468, 'HR G4201', 'LEXUS', 'LX470', 2003),
	(321, 469, 'WO 9M40F', 'RENAULT', 'CLIO', 2004),
	(322, 470, 'YC 87Z5X', 'POLARIS', '800 SWITCHBACK PRO-R', 2012),
	(323, 472, 'ZL 007C5', 'CHEVROLET', 'EXPRESS 3500', 2011),
	(324, 473, 'KM 731I8', 'BUICK', 'LUCERNE', 2008),
	(325, 474, 'LL H1P12', 'ARCTIC CAT', '450 CORE', 2013),
	(326, 475, 'YY C1YTK', 'BMW', 'F800GS ADVENTURE', 2014),
	(327, 478, 'HO ZWJK5', 'STERLING TRUCK', 'LT7500', 2001),
	(328, 479, 'DL XN1O7', 'YAMAHA', 'YFZ450X', 2010),
	(329, 481, 'IO 3VRR0', 'CHEVROLET', 'W5500 TILTMASTER', 2008),
	(330, 483, 'TE W37FM', 'MERCEDES-BENZ', 'CLS550', 2012),
	(331, 486, 'BI 6F425', 'VESPA', 'GTS 250', 2008),
	(332, 487, 'TG 31469', 'RAM', 'RAM', 2013),
	(333, 489, 'VA DUHMW', 'HARLEY DAVIDSON', 'FLSTSCI SOFTAIL SPRINGER CLASSIC', 2006),
	(334, 490, 'UL 9J5FY', 'CHEVROLET', 'T7500', 2009),
	(335, 492, 'SU U1310', 'POLARIS', 'SPORTSMAN 500 HO', 2001),
	(336, 493, 'ZQ 82YT6', 'CHEVROLET', 'AVALANCHE', 2013),
	(337, 495, 'SJ DB993', 'POLARIS', 'FS IQ WIDETRACK', 2013),
	(338, 497, 'WZ 6XLNT', 'KUBOTA', 'RTV900', 2011),
	(339, 498, 'SD H77WR', 'FORD', 'F-250 SUPER DUTY', 2012),
	(340, 499, 'VZ RGDE1', 'MAZDA', 'MIATA', 2004),
	(341, 501, 'YY UU57D', 'INTERNATIONAL', 'CF500', 2008),
	(342, 502, 'QG J7M69', 'ISUZU', 'NRR', 2008),
	(343, 503, 'JL 6U75R', 'ROLLS ROYCE', 'PHANTOM', 2013),
	(344, 504, 'BP 914WK', 'HYOSUNG', 'GT250R', 2010),
	(345, 505, 'FT 2HN9G', 'BMW', 'M5', 2014),
	(346, 507, 'KP C42T0', 'ARCTIC CAT', 'F8 EXT', 2011),
	(347, 509, 'EF DUC4Z', 'NISSAN', 'PATHFINDER', 2015),
	(348, 510, 'UV 6JQMS', 'CAN-AM', 'OUTLANDER 1000 EFI', 2012),
	(349, 512, 'LR GGKL7', 'AUDI', 'S7', 2015),
	(350, 513, 'TW 8S0NE', 'SUZUKI', 'DR200SE', 2002),
	(351, 514, 'XB J85BW', 'YAMAHA', 'PW50', 2001),
	(352, 515, 'YO 949TV', 'CHRYSLER', 'TOWN & COUNTRY', 2001),
	(353, 516, 'BR Y86BB', 'PIERCE MFG. INC.', 'DASH', 2008),
	(354, 517, 'JX WSW5G', 'CHEVROLET', 'AVEO5', 2007),
	(355, 518, 'RL 9JO29', 'HINO', '165', 2009),
	(356, 519, 'YW R3JUN', 'HARLEY DAVIDSON', 'FXCW ROCKER', 2009),
	(357, 520, 'QH 6WB1G', 'YAMAHA', 'XV1700ATS ROAD STAR SILVERADO S', 2010),
	(358, 521, 'NA PN8VZ', 'KTM', '380 EXC', 2001),
	(359, 522, 'QY 9W787', 'CHEVROLET', 'TRAX', 2015),
	(360, 524, 'IR 3AL17', 'KYMCO', 'MXU300', 2010),
	(361, 525, 'KE CEC61', 'KAWASAKI', 'ZX600 NINJA ZX-6R', 2012),
	(362, 526, 'DG JWT37', 'ACURA', 'RDX', 2007),
	(363, 528, 'WC 8Z13X', 'KAWASAKI', 'KVF360 PRAIRIE 4X4', 2008),
	(364, 529, 'WH 98P9I', 'YAMAHA', 'FX10MT FX NYTRO MTX', 2010),
	(365, 530, 'OJ 6D0U8', 'BMW', 'R1200C INDEPENDENT', 2004),
	(366, 532, 'MA SKUIO', 'JEEP', 'WRANGLER', 2011),
	(367, 533, 'SA 37R1F', 'POLARIS', '600 SWITCHBACK', 2014),
	(368, 534, 'ET YF0BL', 'JAGUAR', 'XK', 2014),
	(369, 535, 'PH WP70H', 'HUSABERG', 'TE300', 2012),
	(370, 537, 'LH 7YL64', 'YAMAHA', 'YW125 ZUMA 125', 2009),
	(371, 538, 'JZ K5J8E', 'SKI-DOO', 'MX Z 600 TRAIL', 2004),
	(372, 539, 'QK 52CKC', 'STERLING', 'ACTERRA 6500', 2004),
	(373, 540, 'NO 201TT', 'CHEVROLET', 'SILVERADO 3500', 2005),
	(374, 542, 'RU 4OR9B', 'POLARIS', 'RANGER XP 700', 2009),
	(375, 543, 'KC 0WC3Q', 'POLARIS', 'TURBO SWITCHBACK', 2009),
	(376, 545, 'BJ 3F3B9', 'BUICK', 'REGAL', 2012),
	(377, 546, 'CH 6L0R3', 'HONDA', 'TRX420FE FOURTRAX RANCHER 4X4 ES', 2008),
	(378, 547, 'FW 7K4OD', 'GMC', 'TERRAIN', 2010),
	(379, 548, 'TW 03E07', 'HYUNDAI', 'ACCENT', 2008),
	(380, 550, 'OD 888VK', 'HARLEY DAVIDSON', 'FXDCI SUPER GLIDE CUSTOM', 2006),
	(381, 551, 'CJ 4D5GJ', 'YAMAHA', 'TTR230', 2013),
	(382, 552, 'RH 3W21A', 'POLARIS', '550 INDY ADVENTURE 155', 2015),
	(383, 554, 'TA 82BMN', 'MASERATI', 'COUPE', 2007),
	(384, 555, 'KF MQ212', 'CHEVROLET', 'SUBURBAN 1500', 2004),
	(385, 556, 'VK D1YI9', 'ARCTIC CAT', 'MUDPRO 700I LTD', 2014),
	(386, 557, 'MK 1IH5M', 'HARLEY DAVIDSON', 'FXDF FAT BOB', 2014),
	(387, 558, 'AC CJOQZ', 'HARLEY DAVIDSON', 'FXDC SUPER GLIDE CUSTOM', 2011),
	(388, 559, 'LY 83S0Q', 'GMC', 'YUKON XL 1500', 2004),
	(389, 560, 'TX 7Z7Q5', 'POLARIS', 'FREEDOM', 2004),
	(390, 561, 'NP 5LOS9', 'YAMAHA', 'TTR125E', 2003),
	(391, 562, 'SB TDH8L', 'POLARIS', '800 RMK ASSAULT 155', 2012),
	(392, 563, 'UV G3A19', 'SUBARU', 'WRX', 2015),
	(393, 565, 'ZM P28A4', 'KTM', '450 EXC-R', 2009),
	(394, 566, 'HT Y77F2', 'HONDA', 'NPS50S RUCKUS', 2004),
	(395, 567, 'CV 812H4', 'BOMBARDIER', 'OUTLANDER MAX 800 HO EFI 4X4', 2006),
	(396, 568, 'NV UM8ZS', 'HARLEY DAVIDSON', 'XL883 SPORTSTER', 2006),
	(397, 569, 'CA 701P0', 'HARLEY DAVIDSON', 'VRSCSE SCREAMIN EAGLE V-ROD', 2005),
	(398, 570, 'DE O4W9N', 'TM', 'EN250F', 2006),
	(399, 571, 'IG 99H74', 'BMW', '750LI', 2014),
	(400, 572, 'UD 5LV9Y', 'LAMBORGHINI', 'MURCIELAGO', 2006),
	(401, 575, 'IK 8Q21U', 'CAN-AM', 'COMMANDER 1000 X', 2011),
	(402, 576, 'UO Z6D41', 'ARCTIC CAT', 'M8 153 SNO PRO LE', 2009),
	(403, 577, 'BJ CWXG0', 'HUMMER', 'H3', 2007),
	(404, 578, 'JH OL4J5', 'INTERNATIONAL', '4400', 2006),
	(405, 579, 'DF 9DRAX', 'ARCTIC CAT', 'WILDCAT 4 LIMITED', 2014),
	(406, 580, 'IF H83Y0', 'PETERBILT', '367', 2015),
	(407, 581, 'OW UWL47', 'KENWORTH', 'C500', 2002),
	(408, 582, 'BA FRXZC', 'SATURN', 'L300', 2003),
	(409, 583, 'KJ 23ABN', 'POLARIS', 'RANGER 800 XP', 2011),
	(410, 584, 'IN U5990', 'UD', '1300', 2005),
	(411, 587, 'EW 10G94', 'POLARIS', 'PREDATOR 500', 2003),
	(412, 588, 'RY 8X728', 'TRIUMPH', 'THUNDERBIRD', 2003),
	(413, 590, 'BT QI895', 'ASTON MARTIN', 'DB9', 2007),
	(414, 591, 'NS 9H5AP', 'HONDA', 'VTX1300R', 2006),
	(415, 592, 'XZ 864H1', 'CAN-AM', 'OUTLANDER MAX 800R EFI XT', 2013),
	(416, 593, 'ZZ 5KRO8', 'DODGE', 'RAM 1500 TRUCK', 2008),
	(417, 594, 'KU 073PK', 'HONDA', 'VT1300CS SABRE', 2014),
	(418, 596, 'HK 2L35N', 'HONDA', 'NPS50 RUCKUS', 2011),
	(419, 597, 'TO O2999', 'HARLEY DAVIDSON', 'XLH883HUG SPORTSTER 883 HUGGER', 2003),
	(420, 598, 'OL NJSZ1', 'YAMAHA', 'RX10R RX-1 ER', 2003),
	(421, 599, 'RZ 2WL3F', 'FERRARI', '612 SCAGLIETTI', 2009),
	(422, 600, 'UN 4O920', 'CHEVROLET', 'EQUINOX', 2015),
	(423, 602, 'VJ 41EUQ', 'CAN-AM', 'OUTLANDER MAX 800R EFI', 2011),
	(424, 603, 'BB 4FW75', 'CAN-AM', 'COMMANDER 800R', 2012),
	(425, 604, 'UR NUV69', 'PONTIAC', 'WAVE5', 2007),
	(426, 606, 'MI Y4JVQ', 'YAMAHA', 'YFM125 RAPTOR', 2012),
	(427, 607, 'KR G76S2', 'ASTON MARTIN', 'VANQUISH', 2005),
	(428, 608, 'NF 07706', 'YAMAHA', 'SJ700 SUPER JET', 2008),
	(429, 610, 'UH CA021', 'ARCTIC CAT', 'F8 EXT', 2011),
	(430, 611, 'RP 4RW64', 'GMC', 'YUKON XL 2500', 2003),
	(431, 613, 'IQ ZUL4A', 'HYOSUNG', 'SF50R/RALLY', 2009),
	(432, 614, 'BC ONG47', 'YAMAHA', 'YFZ350 BANSHEE', 2001),
	(433, 616, 'ZJ 98597', 'BMW', '740IL', 2001),
	(434, 617, 'JZ 948PI', 'SKI-DOO', 'MX Z 600 RENEGADE', 2009),
	(435, 619, 'OT I1AB0', 'HONDA', 'CR80RB EXPERT', 2002),
	(436, 620, 'QG 4ZR6I', 'TOYOTA', 'YARIS', 2012),
	(437, 621, 'MQ 0UR13', 'BMW', 'R1150RT', 2005),
	(438, 622, 'UU 6KRER', 'ARCTIC CAT', 'M 9000 153', 2014),
	(439, 623, 'AO 9C8JF', 'MITSUBISHI FUSO', 'FE', 2004),
	(440, 624, 'UB 4Z86E', 'BMW', '135I', 2009),
	(441, 625, 'MW 1402O', 'VOLKSWAGEN', 'JETTA', 2002),
	(442, 626, 'CG 361PO', 'DODGE', 'H100', 2011),
	(443, 628, 'CS 2WDQ2', 'CHRYSLER', 'PACIFICA', 2004),
	(444, 630, 'NY 369J0', 'PONTIAC', 'G6', 2008),
	(445, 631, 'AO RP9L9', 'BMW', 'R1150R ROADSTER', 2006),
	(446, 632, 'CZ JE7KH', 'PIAGGIO', 'FLY 150', 2011),
	(447, 633, 'GY 8241F', 'HONDA', 'NSS250A REFLEX ABS', 2003),
	(448, 634, 'IQ SLBIU', 'COBRA', 'CX50-JR', 2011),
	(449, 635, 'SE 38C11', 'ARCTIC CAT', 'PROCROSS F 1100 TURBO SNO PRO RR', 2013),
	(450, 636, 'QL 2MA42', 'DODGE', 'INTREPID', 2003),
	(451, 637, 'GN 2M526', 'SUZUKI', 'DR-Z125', 2007),
	(452, 638, 'GZ RXESC', 'SUZUKI', 'DL1000 V-STROM', 2006),
	(453, 639, 'GP 34E6R', 'BMW', '750I', 2007),
	(455, 641, 'OE 2QNBA', 'VOLVO', 'S40', 2012),
	(456, 642, 'NF 34PRC', 'APRILIA', 'SXV 450', 2008),
	(457, 643, 'PP T6380', 'BMW', '320I XDRIVE', 2015),
	(458, 645, 'BB 458CD', 'MERCEDES-BENZ', 'CLS63 AMG', 2009),
	(459, 646, 'FF NK49E', 'BMW', '540I', 2002),
	(460, 647, 'FX E0PN0', 'MERCEDES-BENZ', 'S350', 2012),
	(461, 648, 'UB STBRA', 'COBRA', 'CX65', 2009),
	(462, 650, 'EY 660F1', 'AUDI', 'Q7', 2009),
	(463, 652, 'AH 6I6RL', 'HONDA', 'PILOT', 2007),
	(464, 653, 'RC Q458G', 'POLARIS', 'SPORTSMAN 550', 2013),
	(465, 654, 'GY 61A9S', 'ARCTIC CAT', '4-STROKE TRAIL', 2002),
	(466, 655, 'UV LKP08', 'ARCTIC CAT', '400 4X4 AUTO TBX', 2006),
	(467, 656, 'WX 65FM9', 'FERRARI', 'FF', 2013),
	(468, 662, 'CZ S2OXL', 'MERCEDES-BENZ', 'S600', 2001),
	(469, 663, 'CG 5142D', 'KAWASAKI', 'VN1500L VULCAN NOMAD FI', 2001),
	(470, 664, 'DM FD0SW', 'HYOSUNG', 'ST7', 2013),
	(471, 665, 'NR M2W2X', 'YAMAHA', 'YFM700R RAPTOR', 2006),
	(472, 666, 'VE R676F', 'ARGO', 'FRONTIER 650 8X8', 2010),
	(473, 667, 'OX IG7TR', 'HYOSUNG', 'GV250', 2008),
	(474, 668, 'JV 1PUMQ', 'JAGUAR', 'XFR', 2015),
	(475, 669, 'IH Q67J4', 'SUZUKI', 'GSX1250FA', 2011),
	(476, 671, 'AY W6N37', 'ARCTIC CAT', 'WILDCAT 1000', 2012),
	(477, 673, 'EO FD2P7', 'ARCTIC CAT', 'Z1 1100 EFI LXR', 2011),
	(478, 674, 'BG A60CK', 'MACK', 'GU5', 2012),
	(479, 675, 'LQ 0J79U', 'POLARIS', 'RANGER CREW DIESEL', 2014),
	(480, 676, 'DL YDNRL', 'YAMAHA', 'YFM90 RAPTOR', 2012),
	(481, 678, 'UF 46902', 'CADILLAC', 'XLR', 2006),
	(482, 679, 'CM H39E7', 'SEA-DOO', 'GTI SE 155', 2008),
	(483, 682, 'BE 09X34', 'CHEVROLET', 'ASTRO', 2001),
	(484, 683, 'WK HV53X', 'CHEVROLET', 'MONTE CARLO', 2006),
	(485, 684, 'YZ 12W92', 'KAWASAKI', 'ZX1200 NINJA ZX-12R', 2002),
	(486, 685, 'TA 4A644', 'CAN-AM', 'DS 90', 2008),
	(487, 686, 'FW DHN47', 'JAGUAR', 'XK8', 2006),
	(488, 688, 'NJ LTG5Y', 'BOBCAT', '3400 4X4 (DIESEL)', 2013),
	(489, 689, 'GP D4826', 'RENAULT', 'KANGOO EXPRESS', 2010),
	(490, 690, 'GJ VI9BH', 'CHEVROLET', 'TAHOE', 2010),
	(491, 691, 'GX 1F9GO', 'SUZUKI', 'GRAND VITARA', 2006),
	(492, 692, 'QH WXBXL', 'ARCTIC CAT', 'TZ1 TOURING LXR', 2010),
	(493, 694, 'EZ NVTPU', 'DUCATI', 'MULTISTRADA 1100 S', 2009),
	(494, 696, 'DY WH0H4', 'DUCATI', '750', 2002),
	(495, 697, 'AB 29TPT', 'JAGUAR', 'XFR', 2012),
	(496, 698, 'QH B4ZN3', 'KENWORTH', 'T680', 2015),
	(497, 699, 'GD VBYJC', 'CANNONDALE', 'C440R', 2003),
	(498, 700, 'UB 331V1', 'FORD', 'F650', 2003),
	(499, 701, 'LJ O46V0', 'HARLEY DAVIDSON', 'FLSTI HERITAGE SOFTAIL', 2006),
	(500, 702, 'PS JQEQ2', 'KAWASAKI', 'VN1600A VULCAN 1600 CLASSIC', 2003),
	(501, 704, 'WI 0ZJ15', 'ISUZU', 'FVR', 2002),
	(502, 705, 'NB 4F6XV', 'JEEP', 'GRAND CHEROKEE', 2007),
	(503, 706, 'RP 7W891', 'WORKHORSE', 'W20', 2004),
	(504, 708, 'QG SC1BH', 'KAWASAKI', 'KX250F', 2012),
	(505, 709, 'SV HN27I', 'AUDI', 'Q3 QUATTRO', 2015),
	(506, 711, 'NZ 8K5PF', 'SUZUKI', 'DR-Z400SM', 2009),
	(507, 713, 'TC 0PT17', 'GMC', 'YUKON XL 2500', 2011),
	(508, 714, 'RI FQ306', 'GMC', 'SIERRA DENALI', 2003),
	(509, 715, 'KA ICOR4', 'MERCEDES-BENZ', 'R350', 2008),
	(510, 716, 'OC I980S', 'ISUZU', 'FRR', 2004),
	(511, 717, 'ZU M18S1', 'ARCTIC CAT', 'WILDCAT 1000', 2013),
	(512, 718, 'LU 34HLQ', 'FORD', 'F-150', 2012),
	(513, 719, 'KT DE4D7', 'WORKHORSE', 'FASTRACK FT1802', 2002),
	(514, 720, 'FC V68L4', 'YAMAHA', 'PZ50VT VENTURE LITE', 2010),
	(515, 721, 'UL D9I9H', 'JEEP', 'WRANGLER', 2005),
	(516, 722, 'YH ME75S', 'SKI-DOO', 'GTX 550 FAN', 2006),
	(517, 723, 'EI JEEMP', 'WORKHORSE', 'FASTRACK FT1802', 2002),
	(518, 724, 'FM K250F', 'DUCATI', 'MONSTER 400', 2001),
	(519, 725, 'DC 40GH9', 'JEEP', 'WRANGLER', 2003),
	(520, 726, 'HI E1F9G', 'VOLVO', 'S80', 2009),
	(521, 727, 'LO 635SA', 'CAN-AM', 'OUTLANDER MAX 800R EFI LTD', 2011),
	(522, 728, 'FY 83A4T', 'HARLEY DAVIDSON', 'FXDF FAT BOB', 2008),
	(523, 731, 'TX F7LZT', 'SKI-DOO', 'SUMMIT X E-TEC 800R 146', 2014),
	(524, 732, 'TN 77400', 'CHEVROLET', 'TAHOE', 2014),
	(525, 733, 'HW 1NO0X', 'ARCTIC CAT', 'PANTERA 600 EFI ESR', 2003),
	(526, 734, 'WT OPNI4', 'SUZUKI', 'DR650SE', 2009),
	(527, 736, 'XZ 8SHP6', 'KYMCO', 'XCITING 500RI ABS', 2013),
	(528, 740, 'XJ 43301', 'CHEVROLET', 'ORLANDO', 2012),
	(529, 741, 'EG V7MG5', 'YAMAHA', 'YFM450F KODIAK AUTO 4X4', 2004),
	(530, 742, 'MM XR4JW', 'AUDI', 'A3 QUATTRO', 2009),
	(531, 743, 'UK 6VK41', 'MERCEDES-BENZ', 'CL600', 2004),
	(532, 744, 'VH 0006X', 'MACK', 'GU7', 2015),
	(533, 745, 'WM 75EM6', 'HONDA', 'VT750C2B SHADOW PHANTOM', 2010),
	(534, 746, 'CY GB2BH', 'MERCEDES-BENZ', 'S400', 2012),
	(535, 748, 'PK 2D9II', 'MERCEDES-BENZ', 'E500', 2014),
	(536, 749, 'QI M0FTV', 'CHEVROLET', 'TORNADO', 2006),
	(537, 751, 'WU 8PY77', 'BMW', '550I', 2015),
	(538, 752, 'TA DFM8I', 'VOLKSWAGEN', 'BEETLE', 2005),
	(539, 754, 'KN 434LE', 'TM', 'EN250F', 2006),
	(540, 755, 'CQ 4V5N5', 'BMW', '228I', 2014),
	(541, 756, 'CY 5YEF4', 'CHEVROLET', 'CHEYENNE', 2014),
	(542, 758, 'JM S1J96', 'BMW', 'K1200R', 2007),
	(543, 759, 'BC 0J386', 'ARCTIC CAT', 'FIRECAT 500', 2006),
	(544, 760, 'FK S1Q7V', 'BMW', '535I XDRIVE', 2011),
	(545, 761, 'WF 7TT54', 'PONTIAC', 'AZTEK', 2003),
	(546, 762, 'NL M7E77', 'MASERATI', 'GRANTURISMO', 2013),
	(547, 763, 'GE 75I75', 'SUZUKI', 'LT-A50 QUADMASTER', 2003),
	(548, 764, 'NH N4377', 'FIAT', '500', 2009),
	(549, 765, 'FV 71SL0', 'HONDA', 'CRF50F', 2005),
	(550, 766, 'GI CD6VR', 'KAWASAKI', 'VN2000E VULCAN 2000 CLASSIC', 2009),
	(551, 768, 'KV 62BPJ', 'MERCEDES-BENZ', 'SPRINTER 2500', 2011),
	(552, 769, 'HZ 98AT0', 'NISSAN', 'MURANO', 2008),
	(553, 770, 'RJ FEI4P', 'VOLVO', 'S80', 2002),
	(554, 771, 'IM 87635', 'TOYOTA', 'SEQUOIA', 2008),
	(555, 772, 'FK 2I017', 'HONDA', 'AQUATRAX F-15X', 2009),
	(556, 774, 'HN W325O', 'VOLKSWAGEN', 'BEETLE', 2004),
	(557, 775, 'ZD 95F2V', 'BIG DOG', 'COYOTE', 2011),
	(558, 776, 'TR JDSS1', 'SATURN', 'SC SERIES', 2001),
	(559, 777, 'ZI 2QH24', 'AUDI', 'A4 QUATTRO', 2014),
	(560, 779, 'PN 6984E', 'BIG DOG', 'K-9', 2008),
	(561, 780, 'KA QJA7L', 'AUDI', 'A3', 2003),
	(562, 781, 'UP 882DY', 'YAMAHA', 'YZ250F', 2006),
	(563, 784, 'AF 4G26I', 'YAMAHA', 'RS90GT VECTOR GT', 2009),
	(564, 785, 'GW BR53M', 'BENTLEY', 'CONTINENTAL', 2012),
	(565, 786, 'VO SL642', 'ARCTIC CAT', 'DVX 90', 2014),
	(566, 787, 'IS 8F913', 'ASTON MARTIN', 'DB7', 2002),
	(567, 788, 'RY 7CL38', 'NISSAN', 'ALTIMA', 2011),
	(568, 790, 'HH 61606', 'APRILIA', 'SR 50 DITECH', 2003),
	(569, 793, 'OV C4X5C', 'FORD', 'TRANSIT CONNECT', 2015),
	(570, 794, 'UM 0M47B', 'SUZUKI', 'DR-Z400', 2004),
	(571, 795, 'EV G7KHZ', 'KTM', '125 SXS', 2005),
	(572, 798, 'OV 0445Y', 'HONDA', 'AQUATRAX F-12X', 2003),
	(573, 800, 'YP P7S5W', 'HUSQVARNA', 'TE610', 2002),
	(574, 801, 'HU Y5196', 'ARCTIC CAT', '500 4X4 AUTO TBX', 2003),
	(575, 802, 'KL 8R04R', 'HONDA', 'CIVIC', 2005),
	(576, 803, 'OH 7AY8N', 'CADILLAC', 'ESCALADE', 2015),
	(577, 804, 'EI 46881', 'YAMAHA', 'FB1800A WAVERUNNER FX CRUISER HO', 2014),
	(578, 805, 'ZV M5M26', 'SEA-DOO', 'GTX RFI', 2001),
	(579, 806, 'CZ 92U67', 'KAWASAKI', 'ZX1000 NINJA 1000', 2011),
	(580, 807, 'YX 1B06U', 'GMC', 'C6500 TOPKICK', 2003),
	(581, 809, 'IC S4MO0', 'BLUE BIRD', 'SHL TC2000', 2002),
	(582, 811, 'WM I8SC1', 'ARCTIC CAT', 'FIRECAT 600 EFI EXT', 2005),
	(583, 812, 'SF 4N08G', 'POLARIS', '800 PRO X', 2003),
	(584, 814, 'FI 77HAV', 'CANNONDALE', 'SPEED 440', 2002),
	(585, 815, 'DG 82F3O', 'SKI-DOO', 'SKANDIC V-800 TUNDRA LT', 2008),
	(586, 817, 'CL G1PWI', 'HONDA', 'CRF50F', 2005),
	(587, 818, 'RP M5T98', 'SKI-DOO', 'MX Z SPORT 600 CARB', 2015),
	(588, 819, 'KI 3EH5X', 'SUBARU', 'IMPREZA', 2010),
	(589, 821, 'ET VP9HO', 'HUSABERG', 'FE650E', 2006),
	(590, 824, 'AT P705G', 'LAMBORGHINI', 'GALLARDO', 2005),
	(591, 826, 'QG 3LX35', 'ARCTIC CAT', 'ZR 6000 LXR', 2015),
	(592, 827, 'IO MSFC0', 'MERCEDES-BENZ', 'S55 AMG', 2006),
	(593, 828, 'JI 320V4', 'KAWASAKI', 'KAF400 MULE 610 4X4', 2009),
	(594, 829, 'MD RKZTO', 'KENWORTH', 'T680', 2013),
	(595, 830, 'LM 1VXZ2', 'SEA-DOO', 'GTI', 2002),
	(596, 831, 'QK N2478', 'ARCTIC CAT', 'MOUNTAIN CAT 800 EFI 151', 2004),
	(597, 832, 'CD SVPT4', 'KIA', 'SPORTAGE', 2009),
	(598, 833, 'BK A220J', 'VOLKSWAGEN', 'CC', 2013),
	(599, 834, 'QF 37278', 'TOYOTA', 'CAMRY', 2014),
	(600, 836, 'FT TM465', 'MERCEDES-BENZ', 'CL600', 2004),
	(601, 840, 'PP XO862', 'CHEVROLET', 'C7500 KODIAK', 2003),
	(602, 842, 'UG PF4C5', 'CAN-AM', 'OUTLANDER 400 EFI XT', 2011),
	(603, 843, 'CC NU3X6', 'SUZUKI', 'GSF1250S BANDIT', 2007),
	(604, 844, 'PM 9EU60', 'POLARIS', 'XPLORER 250 4X4', 2002),
	(605, 845, 'TH 6BB41', 'CHEVROLET', 'CRUZE', 2013),
	(606, 847, 'UP T3A52', 'CAN-AM', 'OUTLANDER 800 HO 4X4 EFI', 2009),
	(607, 849, 'IK 8TE29', 'BMW', 'R1200R', 2006),
	(608, 850, 'UB O6V5E', 'VICTORY', 'ZACH NESS VEGAS', 2011),
	(609, 851, 'QD F1JSF', 'FREIGHTLINER', 'ARGOSY', 2004),
	(610, 853, 'EW 8WX8N', 'VOLKSWAGEN', 'BORA', 2009),
	(611, 857, 'ID M19X4', 'SKI-DOO', 'SUMMIT 800 ADRENALINE 144', 2004),
	(612, 859, 'ND 182XX', 'DUCATI', '749S', 2005),
	(613, 861, 'NR EA1OR', 'MERCURY', 'GRAND MARQUIS', 2004),
	(614, 723, 'OO MFES1', 'MACK', 'CH', 2005),
	(615, 723, 'WO 0C4IP', 'FERRARI', 'FF', 2014),
	(616, 723, 'IP 5394Y', 'TOYOTA', '4RUNNER', 2012),
	(617, 806, 'IQ J48D4', 'SUZUKI', 'LT-A750X KINGQUAD AXI 4X4', 2008),
	(618, 806, 'KI 23HZ9', 'DUCATI', '1098', 2007),
	(619, 478, 'SN LT1DX', 'POLARIS', 'SPORTSMAN 850 HO XP EPS', 2013),
	(620, 478, 'SW FXF91', 'HARLEY DAVIDSON', 'FXDWG DYNA WIDE GLIDE', 2013),
	(621, 391, 'NU 3R106', 'GMC', 'YUKON', 2003),
	(622, 391, 'DJ 21R9A', 'TRIUMPH', 'TIGER 800 XC ABS', 2012),
	(623, 219, 'UE 890U9', 'BMW', 'K1200LT', 2001),
	(624, 219, 'EY T7609', 'YAMAHA', 'RS90MS RS VECTOR MOUNTAIN SE', 2006),
	(625, 137, 'UK CQ5I6', 'MINI', 'COOPER PACEMAN', 2014),
	(626, 137, 'KU 20196', 'HINO', '238', 2010),
	(627, 222, 'AC O447B', 'CAN-AM', 'RENEGADE 800R EFI X XC', 2012);

INSERT INTO Status (id, name)
VALUES (1, 'COMPLETED'),
	(2, 'CANCELLED'),
	(3, 'IN PROGRESS');

INSERT INTO `Order` (id, car_id, order_date, end_date, status)
VALUES (1, 595, '2002-01-31', '2002-04-10', 1),
	(2, 485, '2002-02-01', '2002-05-31', 1),
	(3, 41, '2002-02-08', '2002-05-03', 1),
	(4, 469, '2002-02-08', '2002-03-23', 1),
	(5, 35, '2002-02-13', '2002-02-20', 1),
	(6, 351, '2002-02-16', '2002-03-22', 1),
	(7, 518, '2002-02-28', '2002-05-23', 1),
	(8, 351, '2002-03-02', '2002-04-17', 1),
	(9, 82, '2002-03-07', '2002-05-06', 1),
	(10, 435, '2002-04-21', '2002-06-16', 1),
	(11, 106, '2002-04-27', '2002-08-22', 1),
	(12, 217, '2002-05-05', '2002-06-11', 1),
	(13, 623, '2002-05-21', '2002-07-13', 1),
	(14, 62, '2002-05-29', '2002-09-22', 1),
	(15, 352, '2002-06-08', '2002-07-12', 1),
	(16, 10, '2002-06-14', '2002-07-07', 1),
	(17, 298, '2002-06-20', '2002-07-28', 1),
	(18, 578, '2002-06-20', '2002-10-11', 1),
	(19, 517, '2002-07-09', '2002-09-20', 1),
	(20, 469, '2002-07-09', '2002-08-14', 1),
	(21, 217, '2002-07-17', '2002-09-12', 1),
	(22, 121, '2002-08-14', '2002-10-17', 1),
	(23, 604, '2002-08-18', '2002-11-20', 1),
	(24, 468, '2002-08-22', '2002-09-21', 1),
	(25, 62, '2002-08-25', '2002-12-13', 1),
	(26, 77, '2002-08-27', '2002-11-14', 1),
	(27, 468, '2002-09-12', NULL, 2),
	(28, 217, '2002-09-23', '2003-01-13', 1),
	(29, 584, '2002-09-30', '2002-11-12', 1),
	(30, 435, '2002-10-14', '2002-10-16', 1),
	(31, 213, '2002-10-16', '2002-11-12', 1),
	(32, 581, '2002-10-20', '2003-01-17', 1),
	(33, 407, '2002-11-02', '2002-12-11', 1),
	(34, 310, '2002-11-13', '2003-02-06', 1),
	(35, 123, '2002-11-14', '2003-03-01', 1),
	(36, 77, '2002-11-21', '2003-01-10', 1),
	(37, 102, '2002-11-25', '2003-01-09', 1),
	(38, 518, '2002-12-10', '2003-02-17', 1),
	(39, 566, '2002-12-17', '2003-01-21', 1),
	(40, 253, '2002-12-19', '2003-04-16', 1),
	(41, 517, '2002-12-20', '2002-12-29', 1),
	(42, 298, '2002-12-26', '2003-02-17', 1),
	(43, 584, '2003-01-08', '2003-04-04', 1),
	(44, 419, '2003-01-12', '2003-03-29', 1),
	(45, 292, '2003-01-22', '2003-02-25', 1),
	(46, 433, '2003-01-28', '2003-02-23', 1),
	(47, 327, '2003-02-03', '2003-05-07', 1),
	(48, 253, '2003-02-05', '2003-03-19', 1),
	(49, 432, '2003-02-14', '2003-06-01', 1),
	(50, 291, '2003-03-06', '2003-03-19', 1),
	(51, 95, '2003-03-10', '2003-06-22', 1),
	(52, 545, '2003-03-11', '2003-03-22', 1),
	(53, 432, '2003-03-26', '2003-03-31', 1),
	(54, 280, '2003-04-19', '2003-06-17', 1),
	(55, 441, '2003-04-19', '2003-06-05', 1),
	(56, 358, '2003-04-20', '2003-07-04', 1),
	(57, 441, '2003-05-11', '2003-08-12', 1),
	(58, 123, '2003-05-19', '2003-06-09', 1),
	(59, 280, '2003-05-20', '2003-06-02', 1),
	(60, 584, '2003-05-26', '2003-06-23', 1),
	(61, 53, '2003-06-02', '2003-07-13', 1),
	(62, 352, '2003-06-03', '2003-08-07', 1),
	(63, 580, '2003-06-05', '2003-07-10', 1),
	(64, 573, '2003-06-06', '2003-07-18', 1),
	(65, 327, '2003-06-13', '2003-10-08', 1),
	(66, 390, '2003-07-20', '2003-11-15', 1),
	(67, 572, '2003-07-23', '2003-10-06', 1),
	(68, 407, '2003-08-07', '2003-08-24', 1),
	(69, 147, '2003-08-10', '2003-08-31', 1),
	(70, 10, '2003-08-26', '2003-11-09', 1),
	(71, 335, '2003-08-29', '2003-10-20', 1),
	(72, 106, '2003-09-03', '2003-09-11', 1),
	(73, 82, '2003-09-07', '2003-11-16', 1),
	(74, 260, '2003-09-13', '2003-10-08', 1),
	(75, 604, '2003-09-20', '2003-11-18', 1),
	(76, 262, '2003-09-28', '2003-10-16', 1),
	(77, 566, '2003-10-11', '2003-11-23', 1),
	(78, 286, '2003-10-20', '2003-11-27', 1),
	(79, 161, '2003-10-24', '2003-12-31', 1),
	(80, 147, '2003-10-24', '2003-12-15', 1),
	(81, 420, '2003-11-01', '2003-12-28', 1),
	(82, 120, '2003-11-19', '2004-01-12', 1),
	(83, 447, '2003-11-25', '2004-02-17', 1),
	(84, 174, '2003-11-28', '2003-12-18', 1),
	(85, 350, '2003-11-30', '2003-12-31', 1),
	(86, 101, '2003-12-01', '2004-01-30', 1),
	(87, 408, '2003-12-02', '2004-02-21', 1),
	(88, 494, '2003-12-21', '2004-03-31', 1),
	(89, 498, '2003-12-27', '2004-02-11', 1),
	(90, 102, '2003-12-29', '2004-03-18', 1),
	(91, 259, '2004-01-03', '2004-02-10', 1),
	(92, 201, '2004-01-18', '2004-04-19', 1),
	(93, 573, '2004-01-23', '2004-04-07', 1),
	(94, 572, '2004-01-27', '2004-04-02', 1),
	(95, 517, '2004-01-27', '2004-05-15', 1),
	(96, 604, '2004-01-29', '2004-05-27', 1),
	(97, 321, '2004-02-04', '2004-04-13', 1),
	(98, 621, '2004-02-26', '2004-05-17', 1),
	(99, 351, '2004-02-28', '2004-04-24', 1),
	(100, 121, '2004-03-04', '2004-05-28', 1),
	(101, 213, '2004-03-15', '2004-06-07', 1),
	(102, 262, '2004-03-26', '2004-04-09', 1),
	(103, 327, '2004-03-30', '2004-05-03', 1),
	(104, 153, '2004-03-31', '2004-06-16', 1),
	(105, 503, '2004-04-12', '2004-06-22', 1),
	(106, 313, '2004-05-03', '2004-06-29', 1),
	(107, 106, '2004-05-04', '2004-06-01', 1),
	(108, 67, '2004-05-11', '2004-05-20', 1),
	(109, 465, '2004-05-11', '2004-07-05', 1),
	(110, 248, '2004-05-21', '2004-06-18', 1),
	(111, 518, '2004-06-03', '2004-06-19', 1),
	(112, 60, '2004-06-10', '2004-09-24', 1),
	(113, 388, '2004-07-08', '2004-09-19', 1),
	(114, 596, '2004-07-12', '2004-08-12', 1),
	(115, 253, '2004-07-26', '2004-11-13', 1),
	(116, 262, '2004-07-27', '2004-11-03', 1),
	(117, 82, '2004-08-01', '2004-10-06', 1),
	(118, 240, '2004-08-15', '2004-09-24', 1),
	(119, 174, '2004-08-19', '2004-11-15', 1),
	(120, 248, '2004-09-02', '2004-12-08', 1),
	(121, 102, '2004-09-10', NULL, 2),
	(122, 280, '2004-09-24', '2004-12-22', 1),
	(123, 120, '2004-09-28', '2005-01-08', 1),
	(124, 517, '2004-09-29', '2004-10-11', 1),
	(125, 573, '2004-10-05', '2005-01-16', 1),
	(126, 102, '2004-10-05', '2004-11-30', 1),
	(127, 394, '2004-10-13', '2004-11-03', 1),
	(128, 101, '2004-10-17', '2004-10-24', 1),
	(129, 262, '2004-10-19', '2005-01-24', 1),
	(130, 584, '2004-10-22', '2004-11-15', 1),
	(131, 213, '2004-10-27', '2005-02-11', 1),
	(132, 595, '2004-11-27', '2005-01-06', 1),
	(133, 133, '2004-11-30', '2005-01-19', 1),
	(134, 335, '2004-12-02', '2005-03-08', 1),
	(135, 485, '2004-12-06', '2005-02-23', 1),
	(136, 611, '2004-12-09', '2005-01-27', 1),
	(137, 53, '2004-12-22', '2005-01-02', 1),
	(138, 63, '2004-12-30', '2005-02-01', 1),
	(139, 432, '2005-01-03', '2005-02-17', 1),
	(140, 153, '2005-01-09', '2005-01-10', 1),
	(141, 420, '2005-01-17', '2005-04-13', 1),
	(142, 408, '2005-01-21', '2005-02-17', 1),
	(143, 246, '2005-02-02', '2005-05-04', 1),
	(144, 108, '2005-02-18', '2005-03-21', 1),
	(145, 340, '2005-02-21', '2005-05-29', 1),
	(146, 248, '2005-02-24', '2005-05-12', 1),
	(147, 260, '2005-03-03', '2005-03-07', 1),
	(148, 88, '2005-04-07', '2005-07-12', 1),
	(149, 292, '2005-04-11', '2005-07-22', 1),
	(150, 259, '2005-04-23', '2005-05-02', 1),
	(151, 253, '2005-04-24', '2005-08-19', 1),
	(152, 206, '2005-04-28', '2005-06-18', 1),
	(153, 259, '2005-04-30', '2005-07-14', 1),
	(154, 259, '2005-05-03', '2005-06-21', 1),
	(155, 575, '2005-05-19', '2005-06-20', 1),
	(156, 389, '2005-05-28', '2005-09-08', 1),
	(157, 88, '2005-06-01', '2005-08-05', 1),
	(158, 373, '2005-06-09', '2005-10-01', 1),
	(159, 66, '2005-06-20', '2005-06-22', 1),
	(160, 568, '2005-06-26', '2005-09-21', 1),
	(161, 515, '2005-07-08', '2005-10-13', 1),
	(162, 407, '2005-07-12', '2005-07-15', 1),
	(163, 501, '2005-07-17', '2005-11-13', 1),
	(164, 623, '2005-07-21', '2005-11-14', 1),
	(165, 420, '2005-07-31', NULL, 2),
	(166, 246, '2005-08-03', '2005-10-30', 1),
	(167, 269, '2005-08-11', '2005-11-09', 1),
	(168, 518, '2005-08-14', '2005-11-06', 1),
	(169, 553, '2005-08-15', '2005-08-30', 1),
	(170, 299, '2005-08-15', '2005-08-31', 1),
	(171, 116, '2005-08-26', '2005-10-23', 1),
	(172, 571, '2005-08-27', '2005-09-11', 1),
	(173, 500, '2005-08-30', '2005-09-29', 1),
	(174, 101, '2005-09-01', '2005-09-09', 1),
	(175, 292, '2005-09-28', '2005-12-06', 1),
	(176, 508, '2005-10-01', '2005-11-24', 1),
	(177, 195, '2005-10-03', '2005-12-27', 1),
	(178, 199, '2005-10-10', '2005-10-19', 1),
	(179, 321, '2005-11-03', '2005-12-21', 1),
	(180, 420, '2005-11-17', '2005-11-27', 1),
	(181, 195, '2005-12-07', NULL, 2),
	(182, 120, '2005-12-16', '2005-12-24', 1),
	(183, 543, '2006-01-20', '2006-03-02', 1),
	(184, 553, '2006-02-03', '2006-05-03', 1),
	(185, 199, '2006-02-04', '2006-02-23', 1),
	(186, 149, '2006-02-15', '2006-05-14', 1),
	(187, 267, '2006-02-23', '2006-05-18', 1),
	(188, 140, '2006-03-11', '2006-06-11', 1),
	(189, 21, '2006-03-13', '2006-07-03', 1),
	(190, 414, '2006-03-22', '2006-06-02', 1),
	(191, 450, '2006-03-26', '2006-04-28', 1),
	(192, 291, '2006-03-28', '2006-05-30', 1),
	(193, 221, '2006-04-09', '2006-04-11', 1),
	(194, 601, '2006-04-23', '2006-08-17', 1),
	(195, 293, '2006-05-02', '2006-07-18', 1),
	(196, 315, '2006-05-03', '2006-06-17', 1),
	(197, 130, '2006-05-04', '2006-07-17', 1),
	(198, 227, '2006-05-22', '2006-08-27', 1),
	(199, 447, '2006-05-24', '2006-07-11', 1),
	(200, 327, '2006-06-06', '2006-06-23', 1),
	(201, 404, '2006-06-06', '2006-07-24', 1),
	(202, 149, '2006-06-14', '2006-09-15', 1),
	(203, 180, '2006-06-28', '2006-10-25', 1),
	(204, 259, '2006-07-12', '2006-07-13', 1),
	(205, 306, '2006-07-29', '2006-10-29', 1),
	(206, 384, '2006-08-05', '2006-08-06', 1),
	(207, 321, '2006-08-13', '2006-10-05', 1),
	(208, 407, '2006-08-21', '2006-10-31', 1),
	(209, 191, '2006-08-25', '2006-09-28', 1),
	(210, 452, '2006-09-08', '2006-11-13', 1),
	(211, 206, '2006-09-10', '2006-11-08', 1),
	(212, 292, '2006-10-18', '2007-01-02', 1),
	(213, 390, '2006-10-21', '2007-02-10', 1),
	(214, 358, '2006-10-25', '2007-02-09', 1),
	(215, 11, '2006-11-08', '2007-03-05', 1),
	(216, 173, '2006-12-09', '2006-12-18', 1),
	(217, 67, '2006-12-14', '2007-02-07', 1),
	(218, 225, '2006-12-16', '2007-03-05', 1),
	(219, 414, '2006-12-22', '2007-01-09', 1),
	(220, 140, '2007-01-02', '2007-03-01', 1),
	(221, 451, '2007-01-03', '2007-02-28', 1),
	(222, 578, '2007-01-05', '2007-03-23', 1),
	(223, 403, '2007-01-12', '2007-03-25', 1),
	(224, 3, '2007-01-12', '2007-01-25', 1),
	(225, 226, '2007-01-21', '2007-05-10', 1),
	(226, 117, '2007-01-26', '2007-04-08', 1),
	(227, 306, '2007-01-30', '2007-05-17', 1),
	(228, 618, '2007-02-16', '2007-04-17', 1),
	(229, 80, '2007-02-27', '2007-04-21', 1),
	(230, 302, '2007-03-04', '2007-05-27', 1),
	(231, 260, '2007-03-14', '2007-06-27', 1),
	(232, 108, '2007-03-16', '2007-05-16', 1),
	(233, 160, '2007-03-31', '2007-07-16', 1),
	(234, 179, '2007-04-07', '2007-05-26', 1),
	(235, 106, '2007-04-09', '2007-06-07', 1),
	(236, 352, '2007-04-18', '2007-08-08', 1),
	(237, 106, '2007-05-04', '2007-06-18', 1),
	(238, 466, '2007-05-10', '2007-08-02', 1),
	(239, 221, '2007-05-11', '2007-06-11', 1),
	(240, 397, '2007-06-05', '2007-08-20', 1),
	(241, 491, '2007-06-07', '2007-09-30', 1),
	(242, 413, '2007-07-11', '2007-08-11', 1),
	(243, 394, '2007-07-12', '2007-09-07', 1),
	(244, 217, '2007-07-13', '2007-10-19', 1),
	(245, 469, '2007-07-22', '2007-07-28', 1),
	(246, 30, '2007-07-23', '2007-10-04', 1),
	(247, 224, '2007-07-26', '2007-08-24', 1),
	(248, 154, '2007-07-27', '2007-08-31', 1),
	(249, 316, '2007-07-31', '2007-09-16', 1),
	(250, 234, '2007-08-01', '2007-11-08', 1),
	(251, 459, '2007-08-02', '2007-10-21', 1),
	(252, 265, '2007-08-14', '2007-09-07', 1),
	(253, 298, '2007-08-16', '2007-09-24', 1),
	(254, 58, '2007-08-18', '2007-11-29', 1),
	(255, 8, '2007-08-22', '2007-09-30', 1),
	(256, 223, '2007-09-01', '2007-11-27', 1),
	(257, 165, '2007-09-12', '2007-12-27', 1),
	(258, 280, '2007-09-14', '2007-12-11', 1),
	(259, 69, '2007-09-21', '2007-10-20', 1),
	(260, 150, '2007-09-30', '2007-11-27', 1),
	(261, 135, '2007-10-01', '2008-01-17', 1),
	(262, 131, '2007-10-02', '2007-10-28', 1),
	(263, 427, '2007-10-21', '2007-11-09', 1),
	(264, 414, '2007-10-22', '2008-01-15', 1),
	(265, 120, '2007-10-27', '2008-01-20', 1),
	(266, 35, '2007-10-27', '2008-01-10', 1),
	(267, 547, '2007-10-29', '2008-02-22', 1),
	(268, 291, '2007-10-30', '2007-11-08', 1),
	(269, 539, '2007-11-07', '2008-03-01', 1),
	(270, 99, '2007-11-11', '2008-02-09', 1),
	(271, 17, '2007-11-15', '2008-01-13', 1),
	(272, 439, '2007-11-29', '2007-12-02', 1),
	(273, 285, '2007-12-03', '2007-12-20', 1),
	(274, 35, '2007-12-05', '2008-02-25', 1),
	(275, 77, '2007-12-14', '2008-03-11', 1),
	(276, 365, '2007-12-15', '2008-03-07', 1),
	(277, 209, '2007-12-26', '2008-04-12', 1),
	(278, 40, '2008-01-01', '2008-03-02', 1),
	(279, 430, '2008-01-05', '2008-01-26', 1),
	(280, 42, '2008-01-06', '2008-02-25', 1),
	(281, 66, '2008-01-07', NULL, 2),
	(282, 209, '2008-01-09', '2008-02-23', 1),
	(283, 66, '2008-01-12', '2008-04-19', 1),
	(284, 21, '2008-01-12', '2008-05-07', 1),
	(285, 195, '2008-01-14', '2008-02-04', 1),
	(286, 293, '2008-01-15', '2008-04-07', 1),
	(287, 238, '2008-02-03', '2008-04-02', 1),
	(288, 29, '2008-02-10', '2008-05-22', 1),
	(289, 166, '2008-02-14', '2008-02-25', 1),
	(290, 556, '2008-02-23', '2008-06-06', 1),
	(291, 157, '2008-02-27', '2008-04-14', 1),
	(292, 503, '2008-03-02', '2008-06-08', 1),
	(293, 290, '2008-03-04', '2008-04-30', 1),
	(294, 247, '2008-03-13', '2008-05-24', 1),
	(295, 335, '2008-03-22', '2008-07-12', 1),
	(296, 167, '2008-03-31', '2008-04-12', 1),
	(297, 180, '2008-04-26', '2008-06-08', 1),
	(298, 203, '2008-05-07', '2008-09-03', 1),
	(299, 256, '2008-05-10', '2008-08-18', 1),
	(300, 501, '2008-05-11', '2008-06-21', 1),
	(301, 419, '2008-05-14', '2008-07-03', 1),
	(302, 497, '2008-05-16', '2008-07-11', 1),
	(303, 503, '2008-05-18', '2008-09-01', 1),
	(304, 164, '2008-05-23', '2008-07-05', 1),
	(305, 519, '2008-05-24', '2008-08-13', 1),
	(306, 147, '2008-05-25', '2008-06-21', 1),
	(307, 561, '2008-06-13', '2008-06-14', 1),
	(308, 383, '2008-06-15', '2008-08-14', 1),
	(309, 245, '2008-06-17', '2008-06-30', 1),
	(310, 585, '2008-06-20', '2008-08-18', 1),
	(311, 611, '2008-08-03', '2008-09-14', 1),
	(312, 439, '2008-08-13', '2008-10-14', 1),
	(313, 452, '2008-08-17', '2008-09-23', 1),
	(314, 398, '2008-08-20', '2008-10-24', 1),
	(315, 62, '2008-08-26', '2008-09-11', 1),
	(316, 174, '2008-09-03', '2008-12-23', 1),
	(317, 445, '2008-09-07', '2008-12-05', 1),
	(318, 185, '2008-09-12', '2008-11-11', 1),
	(319, 130, '2008-09-22', '2008-10-18', 1),
	(320, 67, '2008-10-05', '2008-12-09', 1),
	(321, 293, '2008-10-08', '2008-12-13', 1),
	(322, 358, '2008-10-10', '2009-01-14', 1),
	(323, 70, '2008-10-21', '2008-11-02', 1),
	(324, 485, '2008-10-24', '2008-12-19', 1),
	(325, 568, '2008-10-25', '2009-02-04', 1),
	(326, 586, '2008-10-28', '2009-02-05', 1),
	(327, 131, '2008-11-02', '2009-01-02', 1),
	(328, 536, '2008-11-04', '2009-02-02', 1),
	(329, 342, '2008-12-13', '2009-02-22', 1),
	(330, 153, '2008-12-22', '2009-01-15', 1),
	(331, 242, '2008-12-25', '2009-03-19', 1),
	(332, 98, '2009-01-03', '2009-03-09', 1),
	(333, 356, '2009-01-07', '2009-03-02', 1),
	(334, 279, '2009-01-14', '2009-01-26', 1),
	(335, 21, '2009-01-17', '2009-02-28', 1),
	(336, 115, '2009-02-10', '2009-06-06', 1),
	(337, 380, '2009-02-19', '2009-03-01', 1),
	(338, 205, '2009-02-26', '2009-03-30', 1),
	(339, 575, '2009-03-19', '2009-03-20', 1),
	(340, 195, '2009-03-23', '2009-05-26', 1),
	(341, 151, '2009-04-03', '2009-05-14', 1),
	(342, 120, '2009-04-10', '2009-06-17', 1),
	(343, 95, '2009-05-02', '2009-05-16', 1),
	(344, 211, '2009-05-03', '2009-08-01', 1),
	(345, 573, '2009-05-08', '2009-08-03', 1),
	(346, 131, '2009-05-14', '2009-06-30', 1),
	(347, 310, '2009-05-18', '2009-08-31', 1),
	(348, 249, '2009-05-18', '2009-08-30', 1),
	(349, 583, '2009-05-25', '2009-09-13', 1),
	(350, 526, '2009-05-25', '2009-06-09', 1),
	(351, 389, '2009-05-27', '2009-08-29', 1),
	(352, 127, '2009-06-08', NULL, 2),
	(353, 205, '2009-07-05', '2009-09-07', 1),
	(354, 570, '2009-07-14', '2009-08-20', 1),
	(355, 555, '2009-07-16', '2009-08-05', 1),
	(356, 100, '2009-07-25', '2009-10-26', 1),
	(357, 340, '2009-07-27', '2009-08-27', 1),
	(358, 312, '2009-08-20', '2009-12-03', 1),
	(359, 286, '2009-08-21', '2009-12-01', 1),
	(360, 513, '2009-08-24', '2009-09-03', 1),
	(361, 140, '2009-08-25', '2009-11-22', 1),
	(362, 519, '2009-09-01', '2009-11-03', 1),
	(363, 248, '2009-09-01', '2009-09-29', 1),
	(364, 412, '2009-09-20', '2009-11-24', 1),
	(365, 578, '2009-10-02', '2009-11-17', 1),
	(366, 134, '2009-10-22', '2009-11-10', 1),
	(367, 555, '2009-10-25', '2009-10-30', 1),
	(368, 293, '2009-10-29', '2010-01-07', 1),
	(369, 80, '2009-11-13', '2010-02-04', 1),
	(370, 435, '2009-11-27', '2009-11-30', 1),
	(371, 324, '2009-12-01', '2010-03-16', 1),
	(372, 230, '2009-12-15', '2010-03-30', 1),
	(373, 468, '2009-12-22', '2010-03-16', 1),
	(374, 606, '2009-12-23', '2010-01-09', 1),
	(375, 452, '2010-01-08', '2010-02-02', 1),
	(376, 272, '2010-01-27', '2010-04-15', 1),
	(377, 45, '2010-02-03', '2010-03-04', 1),
	(378, 107, '2010-02-04', '2010-06-04', 1),
	(379, 574, '2010-02-07', '2010-02-23', 1),
	(380, 255, '2010-02-13', '2010-06-07', 1),
	(381, 394, '2010-02-19', '2010-04-28', 1),
	(382, 353, '2010-02-21', '2010-04-30', 1),
	(383, 419, '2010-03-03', '2010-06-29', 1),
	(384, 526, '2010-04-13', '2010-05-31', 1),
	(385, 612, '2010-04-13', '2010-05-26', 1),
	(386, 501, '2010-04-22', '2010-05-18', 1),
	(387, 491, '2010-04-24', '2010-08-16', 1),
	(388, 412, '2010-04-27', '2010-05-21', 1),
	(389, 167, '2010-05-06', '2010-07-23', 1),
	(390, 179, '2010-05-14', '2010-06-03', 1),
	(391, 373, '2010-05-21', '2010-07-17', 1),
	(392, 223, '2010-05-27', '2010-08-31', 1),
	(393, 106, '2010-06-12', '2010-10-07', 1),
	(394, 62, '2010-06-13', '2010-07-29', 1),
	(395, 11, '2010-06-21', '2010-08-30', 1),
	(396, 281, '2010-06-22', '2010-07-01', 1),
	(397, 253, '2010-07-21', '2010-11-12', 1),
	(398, 78, '2010-07-22', '2010-08-29', 1),
	(399, 499, '2010-08-02', '2010-11-28', 1),
	(400, 121, '2010-08-22', '2010-09-16', 1),
	(401, 300, '2010-08-26', '2010-09-03', 1),
	(402, 360, '2010-08-31', '2010-10-23', 1),
	(403, 444, '2010-08-31', '2010-09-29', 1),
	(404, 118, '2010-09-13', '2010-12-30', 1),
	(405, 275, '2010-09-22', '2010-11-02', 1),
	(406, 316, '2010-09-23', '2011-01-15', 1),
	(407, 444, '2010-10-23', '2010-10-25', 1),
	(408, 269, '2010-10-26', '2011-02-14', 1),
	(409, 126, '2010-11-11', '2011-01-05', 1),
	(410, 227, '2010-11-15', '2010-11-24', 1),
	(411, 552, '2010-11-15', '2010-11-16', 1),
	(412, 328, '2010-11-22', '2011-01-20', 1),
	(413, 210, '2010-11-22', '2011-01-10', 1),
	(414, 471, '2010-11-30', '2011-01-29', 1),
	(415, 108, '2010-12-05', '2011-01-21', 1),
	(416, 203, '2010-12-06', '2011-02-17', 1),
	(417, 235, '2011-01-07', '2011-02-26', 1),
	(418, 287, '2011-01-29', '2011-04-27', 1),
	(419, 41, '2011-01-30', '2011-03-01', 1),
	(420, 468, '2011-01-31', '2011-03-01', 1),
	(421, 543, '2011-02-09', '2011-02-13', 1),
	(422, 235, '2011-02-21', '2011-05-06', 1),
	(423, 61, '2011-02-22', '2011-06-08', 1),
	(424, 286, '2011-03-19', '2011-07-01', 1),
	(425, 318, '2011-03-28', '2011-05-08', 1),
	(426, 320, '2011-04-06', '2011-06-18', 1),
	(427, 225, '2011-05-08', '2011-06-07', 1),
	(428, 109, '2011-05-19', '2011-07-01', 1),
	(429, 463, '2011-06-18', '2011-08-29', 1),
	(430, 290, '2011-06-20', '2011-10-18', 1),
	(431, 284, '2011-07-02', '2011-08-13', 1),
	(432, 490, '2011-07-05', '2011-07-24', 1),
	(433, 522, '2011-07-06', '2011-09-05', 1),
	(434, 592, '2011-07-16', '2011-10-01', 1),
	(435, 522, '2011-07-23', '2011-10-11', 1),
	(436, 66, '2011-08-06', '2011-10-04', 1),
	(437, 8, '2011-08-15', NULL, 2),
	(438, 232, '2011-08-16', '2011-09-13', 1),
	(439, 181, '2011-08-23', '2011-11-16', 1),
	(440, 22, '2011-08-23', '2011-11-17', 1),
	(441, 212, '2011-08-28', '2011-11-08', 1),
	(442, 365, '2011-09-06', '2012-01-03', 1),
	(443, 34, '2011-09-09', '2011-11-30', 1),
	(444, 104, '2011-09-17', '2011-12-05', 1),
	(445, 444, '2011-09-23', '2011-11-08', 1),
	(446, 31, '2011-09-27', '2011-12-05', 1),
	(447, 198, '2011-09-30', '2011-11-13', 1),
	(448, 252, '2011-10-01', '2012-01-27', 1),
	(449, 42, '2011-10-08', '2012-01-26', 1),
	(450, 601, '2011-10-09', '2012-01-01', 1),
	(451, 70, '2011-10-21', '2011-11-09', 1),
	(452, 74, '2011-10-22', '2012-01-07', 1),
	(453, 209, '2011-10-29', '2011-11-08', 1),
	(454, 613, '2011-11-08', '2011-12-07', 1),
	(455, 147, '2011-11-13', '2011-12-02', 1),
	(456, 354, '2011-11-19', '2012-02-27', 1),
	(457, 595, '2011-11-25', '2011-11-27', 1),
	(458, 508, '2011-11-30', '2012-03-13', 1),
	(459, 18, '2011-12-02', '2012-02-02', 1),
	(460, 233, '2011-12-03', '2012-02-05', 1),
	(461, 375, '2011-12-04', '2012-03-07', 1),
	(462, 205, '2011-12-24', '2011-12-29', 1),
	(463, 239, '2012-01-02', '2012-02-26', 1),
	(464, 292, '2012-01-09', '2012-02-02', 1),
	(465, 77, '2012-01-14', '2012-04-10', 1),
	(466, 370, '2012-01-28', '2012-04-06', 1),
	(467, 294, '2012-02-03', '2012-04-02', 1),
	(468, 43, '2012-02-08', '2012-03-01', 1),
	(469, 428, '2012-02-22', '2012-06-21', 1),
	(470, 96, '2012-02-22', '2012-05-18', 1),
	(471, 426, '2012-02-24', '2012-04-17', 1),
	(472, 566, '2012-02-24', '2012-06-05', 1),
	(473, 456, '2012-03-22', '2012-06-10', 1),
	(474, 373, '2012-03-28', '2012-04-21', 1),
	(475, 80, '2012-04-01', NULL, 2),
	(476, 450, '2012-04-14', '2012-06-13', 1),
	(477, 253, '2012-04-23', '2012-07-02', 1),
	(478, 62, '2012-05-14', '2012-08-29', 1),
	(479, 257, '2012-05-21', NULL, 2),
	(480, 353, '2012-06-01', '2012-08-26', 1),
	(481, 169, '2012-06-20', '2012-10-10', 1),
	(482, 616, '2012-07-06', '2012-07-21', 1),
	(483, 86, '2012-07-13', '2012-09-25', 1),
	(484, 260, '2012-07-16', '2012-07-27', 1),
	(485, 462, '2012-08-11', '2012-11-15', 1),
	(486, 262, '2012-08-22', '2012-09-10', 1),
	(487, 409, '2012-08-25', '2012-10-17', 1),
	(488, 182, '2012-08-30', '2012-12-18', 1),
	(489, 621, '2012-10-12', NULL, 2),
	(490, 305, '2012-10-14', '2013-01-02', 1),
	(491, 428, '2012-10-16', '2012-11-16', 1),
	(492, 547, '2012-10-29', '2013-02-08', 1),
	(493, 277, '2012-11-10', '2013-03-07', 1),
	(494, 503, '2012-11-19', '2012-11-23', 1),
	(495, 510, '2012-11-30', '2013-01-10', 1),
	(496, 208, '2012-12-03', '2013-03-27', 1),
	(497, 357, '2012-12-08', '2013-03-11', 1),
	(498, 410, '2012-12-11', '2013-03-24', 1),
	(499, 280, '2012-12-20', '2013-04-07', 1),
	(500, 133, '2013-01-06', '2013-01-12', 1),
	(501, 98, '2013-01-27', '2013-04-13', 1),
	(502, 217, '2013-01-28', '2013-02-02', 1),
	(503, 251, '2013-01-30', '2013-04-09', 1),
	(504, 243, '2013-02-05', '2013-04-11', 1),
	(505, 356, '2013-02-16', '2013-02-24', 1),
	(506, 618, '2013-02-24', '2013-04-26', 1),
	(507, 449, '2013-03-05', '2013-06-17', 1),
	(508, 279, '2013-03-11', '2013-05-17', 1),
	(509, 548, '2013-03-21', '2013-06-03', 1),
	(510, 310, '2013-03-31', '2013-04-02', 1),
	(511, 119, '2013-03-31', '2013-04-07', 1),
	(512, 235, '2013-04-01', '2013-06-30', 1),
	(513, 592, '2013-04-02', '2013-05-13', 1),
	(514, 196, '2013-04-07', '2013-05-04', 1),
	(515, 316, '2013-04-16', '2013-08-08', 1),
	(516, 88, '2013-04-20', '2013-07-20', 1),
	(517, 409, '2013-05-17', '2013-06-09', 1),
	(518, 580, '2013-05-18', '2013-07-08', 1),
	(519, 78, '2013-05-30', '2013-08-21', 1),
	(520, 64, '2013-06-03', '2013-09-27', 1),
	(521, 196, '2013-06-05', '2013-09-21', 1),
	(522, 393, '2013-06-25', '2013-07-27', 1),
	(523, 169, '2013-06-27', '2013-10-22', 1),
	(524, 485, '2013-07-03', '2013-09-28', 1),
	(525, 435, '2013-07-04', '2013-09-05', 1),
	(526, 462, '2013-07-31', '2013-08-17', 1),
	(527, 235, '2013-08-09', '2013-09-02', 1),
	(528, 280, '2013-08-12', '2013-11-12', 1),
	(529, 264, '2013-08-20', '2013-09-12', 1),
	(530, 198, '2013-08-26', '2013-11-14', 1),
	(531, 175, '2013-08-30', '2013-12-07', 1),
	(532, 339, '2013-09-06', '2013-11-01', 1),
	(533, 296, '2013-09-08', '2013-10-12', 1),
	(534, 303, '2013-09-24', '2013-12-13', 1),
	(535, 278, '2013-10-18', '2013-11-29', 1),
	(536, 566, '2013-10-21', '2013-11-11', 1),
	(537, 113, '2013-11-04', '2014-02-16', 1),
	(538, 400, '2013-11-27', '2014-03-14', 1),
	(539, 445, '2013-12-13', '2014-01-05', 1),
	(540, 589, '2013-12-17', '2014-03-08', 1),
	(541, 601, '2013-12-18', '2014-01-01', 1),
	(542, 444, '2013-12-23', '2013-12-26', 1),
	(543, 436, '2013-12-28', '2014-04-03', 1),
	(544, 485, '2014-01-04', '2014-04-06', 1),
	(545, 304, '2014-01-26', NULL, 2),
	(546, 358, '2014-01-28', '2014-02-28', 1),
	(547, 219, '2014-01-30', '2014-02-06', 1),
	(548, 248, '2014-01-30', '2014-02-17', 1),
	(549, 196, '2014-02-10', '2014-04-16', 1),
	(550, 367, '2014-02-13', '2014-03-16', 1),
	(551, 468, '2014-02-27', '2014-03-23', 1),
	(552, 360, '2014-03-10', '2014-04-24', 1),
	(553, 261, '2014-03-27', '2014-04-21', 1),
	(554, 434, '2014-03-28', '2014-07-20', 1),
	(555, 193, '2014-04-23', '2014-05-13', 1),
	(556, 160, '2014-04-24', '2014-06-01', 1),
	(557, 310, '2014-04-27', '2014-07-08', 1),
	(558, 485, '2014-04-28', '2014-08-21', 1),
	(559, 426, '2014-05-08', '2014-08-27', 1),
	(560, 154, '2014-05-08', '2014-08-31', 1),
	(561, 184, '2014-05-11', '2014-06-17', 1),
	(562, 577, '2014-05-18', '2014-06-25', 1),
	(563, 337, '2014-05-30', '2014-06-09', 1),
	(564, 48, '2014-05-30', '2014-07-27', 1),
	(565, 96, '2014-05-31', '2014-06-18', 1),
	(566, 224, '2014-06-03', '2014-09-30', 1),
	(567, 263, '2014-06-12', '2014-07-08', 1),
	(568, 464, '2014-06-16', '2014-10-05', 1),
	(569, 565, '2014-06-17', '2014-08-16', 1),
	(570, 470, '2014-06-19', '2014-08-20', 1),
	(571, 287, '2014-06-22', '2014-08-14', 1),
	(572, 302, '2014-06-22', '2014-06-23', 1),
	(573, 544, '2014-06-23', '2014-08-18', 1),
	(574, 560, '2014-06-28', '2014-07-14', 1),
	(575, 215, '2014-06-28', '2014-10-15', 1),
	(576, 123, '2014-06-29', '2014-07-04', 1),
	(577, 249, '2014-07-02', '2014-07-16', 1),
	(578, 308, '2014-07-09', '2014-09-19', 1),
	(579, 525, '2014-07-28', '2014-09-23', 1),
	(580, 513, '2014-08-01', '2014-10-09', 1),
	(581, 86, '2014-08-01', '2014-11-09', 1),
	(582, 166, '2014-08-13', '2014-11-11', 1),
	(583, 310, '2014-08-17', '2014-10-10', 1),
	(584, 178, '2014-08-18', '2014-10-23', 1),
	(585, 290, '2014-08-19', '2014-12-12', 1),
	(586, 413, '2014-08-22', '2014-12-08', 1),
	(587, 77, '2014-10-02', '2014-12-10', 1),
	(588, 267, '2014-10-03', '2014-12-10', 1),
	(589, 531, '2014-10-04', '2014-12-06', 1),
	(590, 288, '2014-10-27', '2014-11-28', 1),
	(591, 127, '2014-10-30', '2014-12-05', 1),
	(592, 318, '2014-11-15', '2015-02-10', 1),
	(593, 391, '2014-11-18', '2014-11-29', 1),
	(594, 215, '2014-11-20', '2015-02-23', 1),
	(595, 412, '2014-11-24', '2015-03-11', 1),
	(596, 334, '2014-11-27', '2015-02-18', 1),
	(597, 414, '2014-11-29', '2015-03-02', 1),
	(598, 242, '2014-12-08', '2015-01-07', 1),
	(599, 442, '2014-12-09', '2014-12-30', 1),
	(600, 445, '2014-12-09', '2015-03-31', 1),
	(601, 344, '2014-12-12', '2015-03-26', 1),
	(602, 135, '2014-12-25', '2015-01-28', 1),
	(603, 244, '2015-01-01', '2015-02-26', 1),
	(604, 43, '2015-01-04', '2015-04-25', 1),
	(605, 204, '2015-01-09', '2015-02-04', 1),
	(606, 315, '2015-01-13', '2015-01-27', 1),
	(607, 546, '2015-01-20', '2015-03-21', 1),
	(608, 555, '2015-02-09', '2015-05-26', 1),
	(609, 266, '2015-02-11', '2015-02-17', 1),
	(610, 294, '2015-02-17', '2015-04-01', 1),
	(611, 461, '2015-02-25', '2015-04-15', 1),
	(612, 490, '2015-02-27', '2015-03-08', 1),
	(613, 251, '2015-03-08', '2015-06-28', 1),
	(614, 542, '2015-03-10', '2015-04-01', 1),
	(615, 378, '2015-03-11', '2015-05-07', 1),
	(616, 478, '2015-03-17', '2015-04-14', 1),
	(617, 253, '2015-03-18', '2015-06-09', 1),
	(618, 485, '2015-03-20', '2015-04-01', 1),
	(619, 612, '2015-03-25', '2015-04-04', 1),
	(620, 399, '2015-04-16', '2015-05-09', 1),
	(621, 447, '2015-04-19', '2015-07-29', 1),
	(622, 339, '2015-05-05', '2015-08-16', 1),
	(623, 196, '2015-05-08', '2015-07-26', 1),
	(624, 420, '2015-05-13', '2015-08-27', 1),
	(625, 20, '2015-05-20', '2015-06-11', 1),
	(626, 427, '2015-05-28', '2015-09-07', 1),
	(627, 103, '2015-06-03', '2015-06-21', 1),
	(628, 181, '2015-06-15', '2015-06-29', 1),
	(629, 512, '2015-06-21', '2015-07-17', 1),
	(630, 579, '2015-06-25', '2015-06-29', 1),
	(631, 456, '2015-07-08', '2015-07-28', 1),
	(632, 551, '2015-07-16', '2015-09-08', 1),
	(633, 456, '2015-07-24', '2015-09-08', 1),
	(634, 148, '2015-08-04', '2015-11-18', 1),
	(635, 97, '2015-08-16', '2015-10-13', 1),
	(636, 248, '2015-08-17', '2015-11-02', 1),
	(637, 378, '2015-08-24', '2015-10-04', 1),
	(638, 93, '2015-08-24', '2015-08-25', 1),
	(639, 426, '2015-08-25', '2015-09-15', 1),
	(640, 452, '2015-09-23', '2015-11-07', 1),
	(641, 383, '2015-09-23', '2015-10-27', 1),
	(642, 397, '2015-09-27', '2016-01-13', 1),
	(643, 420, '2015-10-01', '2015-11-07', 1),
	(644, 592, '2015-10-04', '2016-01-13', 1),
	(645, 374, '2015-10-12', '2016-02-06', 1),
	(646, 88, '2015-10-14', '2016-01-30', 1),
	(647, 196, '2015-10-18', '2016-02-04', 1),
	(648, 483, '2015-11-16', '2016-03-09', 1),
	(649, 341, '2015-12-10', '2016-04-04', 1),
	(650, 96, '2015-12-13', '2016-02-08', 1),
	(651, 350, '2015-12-25', '2016-04-17', 1),
	(652, 152, '2015-12-26', '2016-01-09', 1),
	(653, 339, '2016-01-10', '2016-02-17', 1),
	(654, 533, '2016-01-10', '2016-04-24', 1),
	(655, 287, '2016-01-16', '2016-02-16', 1),
	(656, 150, '2016-02-14', '2016-04-21', 1),
	(657, 136, '2016-03-05', '2016-04-20', 1),
	(658, 184, '2016-03-06', '2016-04-23', 1),
	(659, 325, '2016-03-09', '2016-04-10', 1),
	(660, 105, '2016-03-14', '2016-06-17', 1),
	(661, 369, '2016-03-15', '2016-07-03', 1),
	(662, 140, '2016-03-21', '2016-07-12', 1),
	(663, 175, '2016-04-12', '2016-07-03', 1),
	(664, 6, '2016-04-19', '2016-05-14', 1),
	(665, 153, '2016-04-28', '2016-06-04', 1),
	(666, 220, '2016-05-06', '2016-06-05', 1),
	(667, 133, '2016-05-07', '2016-06-12', 1),
	(668, 616, '2016-05-08', '2016-06-08', 1),
	(669, 105, '2016-05-10', '2016-07-28', 1),
	(670, 248, '2016-05-12', '2016-08-18', 1),
	(671, 378, '2016-05-17', '2016-05-19', 1),
	(672, 153, '2016-05-31', '2016-06-02', 1),
	(673, 573, '2016-05-31', '2016-06-22', 1),
	(674, 565, '2016-06-13', '2016-09-16', 1),
	(675, 38, '2016-06-25', '2016-07-08', 1),
	(676, 318, '2016-06-28', '2016-09-16', 1),
	(677, 341, '2016-08-03', '2016-10-16', 1),
	(678, 220, '2016-08-07', '2016-09-16', 1),
	(679, 15, '2016-08-14', '2016-10-27', 1),
	(680, 401, '2016-08-29', '2016-10-11', 1),
	(681, 96, '2016-09-01', '2016-10-28', 1),
	(682, 518, '2016-09-02', '2016-12-15', 1),
	(683, 621, '2016-09-19', '2016-10-23', 1),
	(684, 428, '2016-09-20', '2017-01-16', 1),
	(685, 329, '2016-10-02', '2017-01-21', 1),
	(686, 292, '2016-10-02', '2016-10-12', 1),
	(687, 510, '2016-10-09', '2016-11-01', 1),
	(688, 288, '2016-11-01', '2017-01-08', 1),
	(689, 531, '2016-11-02', '2016-12-07', 1),
	(690, 327, '2016-11-17', '2016-12-30', 1),
	(691, 150, '2016-11-18', '2017-01-25', 1),
	(692, 20, '2016-11-30', '2017-01-13', 1),
	(693, 301, '2016-12-05', '2017-01-07', 1),
	(694, 259, '2016-12-09', '2017-04-08', 1),
	(695, 518, '2016-12-22', '2017-01-26', 1),
	(696, 140, '2017-01-09', '2017-03-18', 1),
	(697, 223, '2017-01-11', '2017-05-09', 1),
	(698, 153, '2017-01-21', '2017-02-22', 1),
	(699, 62, '2017-02-04', '2017-02-19', 1),
	(700, 574, '2017-02-11', '2017-04-23', 1),
	(701, 158, '2017-02-14', '2017-06-11', 1),
	(702, 495, '2017-02-19', '2017-03-22', 1),
	(703, 235, '2017-02-22', '2017-04-09', 1),
	(704, 508, '2017-02-24', '2017-03-13', 1),
	(705, 133, '2017-03-09', '2017-04-27', 1),
	(706, 351, '2017-03-10', '2017-06-10', 1),
	(707, 53, '2017-03-11', '2017-06-08', 1),
	(708, 146, '2017-03-29', '2017-07-06', 1),
	(709, 225, '2017-04-03', '2017-04-06', 1),
	(710, 13, '2017-04-05', '2017-06-24', 1),
	(711, 196, '2017-04-18', '2017-05-20', 1),
	(712, 562, '2017-04-24', '2017-04-29', 1),
	(713, 13, '2017-04-30', '2017-07-30', 1),
	(714, 581, '2017-06-08', '2017-06-20', 1),
	(715, 342, '2017-06-09', '2017-07-23', 1),
	(716, 86, '2017-06-10', '2017-09-10', 1),
	(717, 302, '2017-06-14', '2017-06-21', 1),
	(718, 122, '2017-06-17', '2017-06-20', 1),
	(719, 404, '2017-06-24', '2017-07-06', 1),
	(720, 157, '2017-06-25', '2017-07-24', 1),
	(721, 551, '2017-06-29', '2017-09-11', 1),
	(722, 128, '2017-07-08', '2017-10-23', 1),
	(723, 227, '2017-07-12', '2017-08-23', 1),
	(724, 240, '2017-07-14', '2017-08-16', 1),
	(725, 273, '2017-07-15', '2017-09-27', 1),
	(726, 418, '2017-07-22', '2017-07-29', 1),
	(727, 597, '2017-07-31', '2017-10-14', 1),
	(728, 249, '2017-08-05', '2017-10-05', 1),
	(729, 178, '2017-08-18', '2017-11-22', 1),
	(730, 430, '2017-08-19', '2017-08-22', 1),
	(731, 130, '2017-08-20', '2017-11-24', 1),
	(732, 466, '2017-08-27', '2017-10-14', 1),
	(733, 491, '2017-08-30', '2017-11-04', 1),
	(734, 427, '2017-09-02', '2017-09-23', 1),
	(735, 449, '2017-09-10', '2017-12-26', 1),
	(736, 257, '2017-09-14', '2017-12-07', 1),
	(737, 453, '2017-09-19', '2017-11-12', 1),
	(738, 209, '2017-09-21', '2017-10-07', 1),
	(739, 587, '2017-09-23', '2018-01-15', 1),
	(740, 53, '2017-09-24', '2017-10-19', 1),
	(741, 514, '2017-09-30', '2017-10-17', 1),
	(742, 54, '2017-10-05', '2018-01-05', 1),
	(743, 309, '2017-10-06', '2017-10-09', 1),
	(744, 83, '2017-10-12', '2018-01-07', 1),
	(745, 594, '2017-10-19', '2017-10-27', 1),
	(746, 508, '2017-11-06', '2017-12-04', 1),
	(747, 173, '2017-11-17', '2018-01-17', 1),
	(748, 405, '2017-11-22', '2018-01-20', 1),
	(749, 572, '2017-11-27', '2018-02-12', 1),
	(750, 99, '2017-11-30', '2018-03-15', 1),
	(751, 48, '2017-12-02', '2017-12-05', 1),
	(752, 291, '2017-12-05', '2018-03-14', 1),
	(753, 319, '2017-12-06', '2017-12-29', 1),
	(754, 37, '2017-12-13', '2017-12-24', 1),
	(755, 33, '2017-12-17', '2017-12-30', 1),
	(756, 101, '2017-12-25', '2018-02-28', 1),
	(757, 147, '2017-12-30', '2018-04-02', 1),
	(758, 537, '2018-02-02', '2018-03-21', 1),
	(759, 553, '2018-02-02', '2018-03-28', 1),
	(760, 277, '2018-02-03', '2018-05-26', 1),
	(761, 523, '2018-02-09', '2018-05-21', 1),
	(762, 423, '2018-02-13', '2018-05-02', 1),
	(763, 552, '2018-02-24', '2018-06-01', 1),
	(764, 387, '2018-03-08', '2018-06-06', 1),
	(765, 593, '2018-04-01', '2018-06-07', 1),
	(766, 105, '2018-04-02', '2018-04-04', 1),
	(767, 374, '2018-04-24', '2018-05-16', 1),
	(768, 590, '2018-04-26', '2018-05-11', 1),
	(769, 608, '2018-04-30', '2018-07-23', 1),
	(770, 562, '2018-05-09', '2018-05-22', 1),
	(771, 196, '2018-05-17', '2018-09-11', 1),
	(772, 120, '2018-05-21', '2018-06-21', 1),
	(773, 369, '2018-05-22', '2018-06-26', 1),
	(774, 113, '2018-05-23', '2018-05-29', 1),
	(775, 7, '2018-05-23', '2018-08-21', 1),
	(776, 303, '2018-05-27', '2018-06-23', 1),
	(777, 29, '2018-06-11', '2018-08-08', 1),
	(778, 174, '2018-06-14', '2018-09-04', 1),
	(779, 260, '2018-06-18', '2018-08-04', 1),
	(780, 520, '2018-06-21', '2018-07-31', 1),
	(781, 431, '2018-06-23', '2018-08-29', 1),
	(782, 58, '2018-06-25', '2018-10-11', 1),
	(783, 381, '2018-06-26', '2018-09-23', 1),
	(784, 212, '2018-06-26', '2018-10-04', 1),
	(785, 406, '2018-07-01', '2018-07-16', 1),
	(786, 309, '2018-07-03', '2018-09-04', 1),
	(787, 511, '2018-07-05', '2018-09-05', 1),
	(788, 86, '2018-07-18', '2018-09-18', 1),
	(789, 105, '2018-07-24', '2018-09-30', 1),
	(790, 4, '2018-08-07', '2018-09-13', 1),
	(791, 557, '2018-08-12', '2018-10-29', 1),
	(792, 388, '2018-08-16', '2018-08-30', 1),
	(793, 448, '2018-08-21', NULL, 2),
	(794, 60, '2018-08-25', '2018-11-19', 1),
	(795, 188, '2018-09-08', '2018-11-12', 1),
	(796, 253, '2018-09-09', '2018-10-12', 1),
	(797, 208, '2018-09-18', '2018-10-26', 1),
	(798, 148, '2018-10-03', '2018-12-28', 1),
	(799, 610, '2018-10-05', '2018-11-20', 1),
	(800, 522, '2018-10-06', '2018-11-04', 1),
	(801, 122, '2018-11-07', '2019-02-03', 1),
	(802, 255, '2018-11-22', '2019-01-05', 1),
	(803, 456, '2018-11-26', '2018-12-17', 1),
	(804, 240, '2018-11-29', '2019-01-25', 1),
	(805, 485, '2018-12-04', '2019-01-09', 1),
	(806, 597, '2018-12-05', '2019-01-19', 1),
	(807, 611, '2018-12-18', '2019-03-31', 1),
	(808, 156, '2018-12-27', '2019-04-14', 1),
	(809, 505, '2018-12-31', '2019-02-12', 1),
	(810, 574, '2019-01-08', '2019-04-21', 1),
	(811, 489, '2019-01-08', '2019-04-10', 1),
	(812, 573, '2019-01-11', '2019-01-20', 1),
	(813, 589, '2019-01-15', '2019-04-17', 1),
	(814, 232, '2019-01-17', '2019-04-28', 1),
	(815, 313, '2019-01-21', '2019-04-26', 1),
	(816, 488, '2019-01-24', '2019-02-03', 1),
	(817, 226, '2019-02-03', '2019-04-07', 1),
	(818, 586, '2019-02-10', '2019-05-01', 1),
	(819, 113, '2019-02-26', '2019-05-16', 1),
	(820, 27, '2019-02-27', '2019-05-10', 1),
	(821, 81, '2019-03-01', '2019-03-09', 1),
	(822, 213, '2019-03-02', '2019-05-04', 1),
	(823, 299, '2019-03-11', '2019-05-02', 1),
	(824, 222, '2019-03-31', '2019-06-13', 1),
	(825, 14, '2019-04-02', '2019-04-25', 1),
	(826, 324, '2019-04-18', '2019-06-16', 1),
	(827, 179, '2019-05-05', '2019-07-28', 1),
	(828, 499, '2019-05-06', '2019-09-01', 1),
	(829, 365, '2019-05-09', '2019-05-19', 1),
	(830, 349, '2019-05-20', '2019-08-25', 1),
	(831, 60, '2019-05-26', '2019-07-05', 1),
	(832, 11, '2019-06-03', '2019-09-08', 1),
	(833, 48, '2019-06-19', '2019-06-24', 1),
	(834, 30, '2019-06-27', '2019-09-10', 1),
	(835, 411, '2019-07-04', '2019-08-01', 1),
	(836, 347, '2019-07-18', '2019-11-13', 1),
	(837, 187, '2019-08-26', '2019-09-10', 1),
	(838, 309, '2019-09-08', '2019-09-21', 1),
	(839, 349, '2019-09-24', '2019-12-23', 1),
	(840, 48, '2019-09-26', NULL, 2),
	(841, 370, '2019-09-28', '2019-11-26', 1),
	(842, 308, '2019-10-07', '2019-11-11', 1),
	(843, 148, '2019-10-20', '2019-12-03', 1),
	(844, 75, '2019-10-20', '2020-01-12', 1),
	(845, 365, '2019-10-26', '2019-12-25', 1),
	(846, 50, '2019-10-28', '2019-12-23', 1),
	(847, 476, '2019-10-30', '2020-02-12', 1),
	(848, 612, '2019-10-30', '2019-11-26', 1),
	(849, 332, '2019-11-08', '2019-12-14', 1),
	(850, 397, '2019-11-22', '2020-01-25', 1),
	(851, 315, '2019-11-28', NULL, 2),
	(852, 449, '2019-11-29', '2020-01-27', 1),
	(853, 38, '2019-12-20', '2020-01-01', 1),
	(854, 443, '2019-12-20', '2020-01-17', 1),
	(855, 146, '2019-12-21', '2020-03-20', 1),
	(856, 477, '2019-12-23', '2020-01-07', 1),
	(857, 451, '2020-01-14', '2020-03-23', 1),
	(858, 121, '2020-01-15', '2020-03-05', 1),
	(859, 154, '2020-01-27', '2020-05-04', 1),
	(860, 527, '2020-01-28', '2020-02-23', 1),
	(861, 357, '2020-02-07', '2020-06-02', 1),
	(862, 216, '2020-02-07', '2020-02-15', 1),
	(863, 618, '2020-02-09', '2020-05-14', 1),
	(864, 175, '2020-02-12', '2020-03-24', 1),
	(865, 537, '2020-02-20', '2020-04-26', 1),
	(866, 208, '2020-02-22', '2020-04-15', 1),
	(867, 407, '2020-02-23', '2020-06-08', 1),
	(868, 159, '2020-02-26', '2020-06-08', 1),
	(869, 468, '2020-03-01', '2020-06-27', 1),
	(870, 353, '2020-03-13', '2020-04-25', 1),
	(871, 574, '2020-03-23', '2020-05-21', 1),
	(872, 600, '2020-03-24', '2020-06-16', 1),
	(873, 399, '2020-04-02', '2020-07-28', 1),
	(874, 134, '2020-04-05', '2020-06-13', 1),
	(875, 387, '2020-04-10', '2020-05-05', 1),
	(876, 167, '2020-04-16', '2020-05-03', 1),
	(877, 217, '2020-04-21', '2020-07-03', 1),
	(878, 398, '2020-04-21', '2020-08-14', 1),
	(879, 507, '2020-05-04', '2020-06-13', 1),
	(880, 598, '2020-05-09', '2020-08-17', 1),
	(881, 118, '2020-05-14', '2020-08-12', 1),
	(882, 295, '2020-05-15', '2020-08-12', 1),
	(883, 4, '2020-05-20', '2020-07-12', 1),
	(884, 437, '2020-06-04', '2020-06-08', 1),
	(885, 69, '2020-06-08', '2020-07-30', 1),
	(886, 523, '2020-06-25', '2020-08-27', 1),
	(887, 337, '2020-06-28', '2020-08-31', 1),
	(888, 519, '2020-07-01', '2020-09-19', 1),
	(889, 550, '2020-07-13', '2020-10-29', 1),
	(890, 553, '2020-07-19', '2020-09-17', 1),
	(891, 488, '2020-07-25', '2020-11-05', 1),
	(892, 229, '2020-08-13', '2020-10-30', 1),
	(893, 537, '2020-08-18', '2020-12-16', 1),
	(894, 68, '2020-09-01', '2020-09-18', 1),
	(895, 460, '2020-09-10', '2021-01-07', 1),
	(896, 336, '2020-09-30', '2021-01-16', 1),
	(897, 383, '2020-10-17', '2020-11-15', 1),
	(898, 627, '2020-10-22', '2020-11-21', 1),
	(899, 386, '2020-10-23', '2020-10-25', 1),
	(900, 271, '2020-11-08', '2020-11-26', 1),
	(901, 346, '2020-12-03', '2020-12-18', 1),
	(902, 474, '2020-12-05', '2021-02-16', 1),
	(903, 303, '2020-12-05', '2021-02-14', 1),
	(904, 104, '2021-01-02', '2021-02-06', 1),
	(905, 164, '2021-01-06', '2021-02-07', 1),
	(906, 79, '2021-01-09', '2021-03-19', 1),
	(907, 11, '2021-01-11', '2021-02-26', 1),
	(908, 222, '2021-02-02', '2021-05-05', 1),
	(909, 474, '2021-02-11', '2021-02-22', 1),
	(910, 283, '2021-02-18', '2021-05-06', 1),
	(911, 304, '2021-03-08', '2021-04-14', 1),
	(912, 452, '2021-03-21', '2021-04-06', 1),
	(913, 199, '2021-03-24', '2021-05-19', 1),
	(914, 211, '2021-04-09', '2021-04-27', 1),
	(915, 278, '2021-04-26', '2021-06-23', 1),
	(916, 145, '2021-05-10', '2021-06-28', 1),
	(917, 326, '2021-05-10', '2021-05-21', 1),
	(918, 525, '2021-05-16', '2021-09-10', 1),
	(919, 51, '2021-05-23', '2021-08-20', 1),
	(920, 126, '2021-06-09', '2021-09-14', 1),
	(921, 89, '2021-06-13', '2021-07-16', 1),
	(922, 513, '2021-06-19', '2021-08-27', 1),
	(923, 360, '2021-06-20', '2021-10-13', 1),
	(924, 128, '2021-07-19', '2021-07-21', 1),
	(925, 370, '2021-07-22', '2021-08-27', 1),
	(926, 36, '2021-08-17', '2021-11-25', 1),
	(927, 621, '2021-08-19', '2021-08-21', 1),
	(928, 470, '2021-08-20', '2021-10-07', 1),
	(929, 529, '2021-09-03', '2021-09-30', 1),
	(930, 197, '2021-09-09', '2021-10-28', 1),
	(931, 590, '2021-09-19', '2021-12-16', 1),
	(932, 283, '2021-09-23', '2021-10-05', 1),
	(933, 79, '2021-10-17', '2022-01-28', 1),
	(934, 209, '2021-10-29', NULL, 2),
	(935, 257, '2021-10-29', '2021-11-19', 1),
	(936, 197, '2021-10-31', '2021-11-28', 1),
	(937, 303, '2021-10-31', '2022-02-05', 1),
	(938, 162, '2021-11-08', '2022-01-27', 1),
	(939, 154, '2021-11-17', '2021-11-28', 1),
	(940, 147, '2021-12-10', '2022-03-16', 1),
	(941, 226, '2021-12-11', '2021-12-15', 1),
	(942, 357, '2021-12-13', '2022-03-13', 1),
	(943, 195, '2021-12-18', '2022-03-22', 1),
	(944, 367, '2021-12-31', '2022-02-25', 1),
	(945, 614, '2022-01-05', '2022-02-01', 1),
	(946, 471, '2022-01-05', '2022-03-18', 1),
	(947, 243, '2022-01-10', '2022-01-22', 1),
	(948, 55, '2022-01-18', '2022-02-22', 1),
	(949, 424, '2022-01-19', '2022-03-18', 1),
	(950, 155, '2022-01-23', '2022-03-16', 1),
	(951, 600, '2022-02-03', '2022-05-21', 1),
	(952, 182, '2022-02-04', '2022-02-22', 1),
	(953, 444, '2022-02-08', NULL, 2),
	(954, 22, '2022-02-19', '2022-06-01', 1),
	(955, 164, '2022-02-19', '2022-05-02', 1),
	(956, 313, '2022-02-22', '2022-04-17', 1),
	(957, 192, '2022-03-19', '2022-05-18', 1),
	(958, 533, '2022-03-25', '2022-04-05', 1),
	(959, 436, '2022-03-28', '2022-07-21', 1),
	(960, 34, '2022-04-05', '2022-04-12', 1),
	(961, 464, '2022-04-10', '2022-05-26', 1),
	(962, 28, '2022-04-11', '2022-05-05', 1),
	(963, 316, '2022-04-20', '2022-04-24', 1),
	(964, 147, '2022-04-24', '2022-05-31', 1),
	(965, 114, '2022-05-02', '2022-08-13', 1),
	(966, 50, '2022-05-12', '2022-09-01', 1),
	(967, 529, '2022-05-19', '2022-06-15', 1),
	(968, 8, '2022-05-21', '2022-07-03', 1),
	(969, 444, '2022-05-26', '2022-09-22', 1),
	(970, 328, '2022-05-27', '2022-06-26', 1),
	(971, 240, '2022-05-29', '2022-09-05', 1),
	(972, 379, '2022-06-06', '2022-07-30', 1),
	(973, 547, '2022-06-29', '2022-07-13', 1),
	(974, 295, '2022-07-06', '2022-11-03', 1),
	(975, 339, '2022-07-17', '2022-09-16', 1),
	(976, 399, '2022-07-27', NULL, 2),
	(977, 33, '2022-08-07', '2022-10-03', 1),
	(978, 303, '2022-08-11', '2022-10-03', 1),
	(979, 133, '2022-08-28', '2022-10-11', 1),
	(980, 506, '2022-09-02', '2022-09-14', 1),
	(981, 231, '2022-09-09', '2022-12-19', 1),
	(982, 592, '2022-09-10', '2022-12-10', 1),
	(983, 252, '2022-09-11', '2022-12-25', 1),
	(984, 350, '2022-09-16', '2023-01-03', 1),
	(985, 540, '2022-09-17', '2023-01-04', 1),
	(986, 449, '2022-09-24', '2022-10-13', 1),
	(987, 470, '2022-10-08', '2022-11-15', 1),
	(988, 282, '2022-10-16', '2023-01-31', 1),
	(989, 622, '2022-10-21', '2023-01-28', 1),
	(990, 204, '2022-10-31', '2022-12-08', 1),
	(991, 544, '2022-11-04', '2022-11-28', 1),
	(992, 327, '2022-11-09', '2023-02-27', 1),
	(993, 299, '2022-11-26', '2023-02-27', 1),
	(994, 442, '2022-11-27', '2022-12-06', 1),
	(995, 329, '2022-11-30', '2022-12-16', 1),
	(996, 356, '2022-12-03', '2023-01-03', 1),
	(997, 186, '2022-12-14', '2023-03-04', 1),
	(998, 25, '2022-12-27', '2023-01-16', 1),
	(999, 131, '2023-01-02', NULL, 3),
	(1000, 338, '2023-01-02', NULL, 3),
	(1001, 520, '2023-01-07', '2023-01-15', 1),
	(1002, 336, '2023-01-07', NULL, 3),
	(1003, 290, '2023-01-08', NULL, 3),
	(1004, 468, '2023-01-09', NULL, 3),
	(1005, 388, '2023-01-12', NULL, 3),
	(1006, 153, '2023-01-12', NULL, 3),
	(1007, 165, '2023-01-12', NULL, 3),
	(1008, 187, '2023-01-12', NULL, 3),
	(1009, 267, '2023-01-14', '2023-01-31', 1),
	(1010, 268, '2023-01-15', NULL, 3),
	(1011, 567, '2023-01-17', NULL, 3),
	(1012, 421, '2023-01-18', NULL, 3),
	(1013, 410, '2023-01-20', NULL, 3),
	(1014, 60, '2023-01-20', NULL, 3),
	(1015, 419, '2023-01-20', NULL, 3),
	(1016, 83, '2023-01-20', NULL, 3),
	(1017, 161, '2023-01-22', NULL, 3),
	(1018, 366, '2023-01-25', NULL, 2),
	(1019, 146, '2023-01-26', NULL, 3),
	(1020, 603, '2023-01-28', '2023-03-25', 1),
	(1021, 142, '2023-01-29', NULL, 3),
	(1022, 452, '2023-01-31', NULL, 3),
	(1023, 192, '2023-02-02', NULL, 3),
	(1024, 100, '2023-02-03', NULL, 3),
	(1025, 197, '2023-02-04', NULL, 3),
	(1026, 492, '2023-02-06', '2023-05-31', 1),
	(1027, 619, '2023-02-07', NULL, 3),
	(1028, 403, '2023-02-07', NULL, 3),
	(1029, 183, '2023-02-08', NULL, 3),
	(1030, 539, '2023-02-09', NULL, 3),
	(1031, 377, '2023-02-10', NULL, 3),
	(1032, 429, '2023-02-10', NULL, 3),
	(1033, 280, '2023-02-10', NULL, 3),
	(1034, 534, '2023-02-10', NULL, 3),
	(1035, 530, '2023-02-13', NULL, 3),
	(1036, 28, '2023-02-13', NULL, 3),
	(1037, 440, '2023-02-15', NULL, 3),
	(1038, 188, '2023-02-16', NULL, 3),
	(1039, 162, '2023-02-16', NULL, 3),
	(1040, 1, '2023-02-17', NULL, 3),
	(1041, 412, '2023-02-18', '2023-02-26', 1),
	(1042, 195, '2023-02-19', '2023-04-13', 1),
	(1043, 14, '2023-02-20', '2023-04-27', 1),
	(1044, 406, '2023-02-22', NULL, 3),
	(1045, 339, '2023-02-24', NULL, 3),
	(1046, 487, '2023-02-24', NULL, 3),
	(1047, 158, '2023-02-25', NULL, 3),
	(1048, 204, '2023-02-26', NULL, 3),
	(1049, 497, '2023-02-26', NULL, 3),
	(1050, 60, '2023-02-26', NULL, 3),
	(1051, 591, '2023-02-27', NULL, 3),
	(1052, 556, '2023-02-27', NULL, 3),
	(1053, 62, '2023-02-28', NULL, 3),
	(1054, 328, '2023-02-28', NULL, 3),
	(1055, 358, '2023-03-01', '2023-05-03', 1),
	(1056, 427, '2023-03-02', NULL, 3),
	(1057, 218, '2023-03-03', NULL, 3),
	(1058, 222, '2023-03-04', NULL, 3),
	(1059, 34, '2023-03-04', NULL, 3),
	(1060, 208, '2023-03-05', NULL, 3),
	(1061, 64, '2023-03-06', NULL, 3),
	(1062, 83, '2023-03-06', NULL, 3),
	(1063, 390, '2023-03-06', NULL, 3),
	(1064, 360, '2023-03-07', NULL, 3),
	(1065, 417, '2023-03-09', NULL, 3),
	(1066, 421, '2023-03-09', NULL, 3),
	(1067, 488, '2023-03-10', '2023-04-15', 1),
	(1068, 34, '2023-03-10', NULL, 3),
	(1069, 198, '2023-03-10', NULL, 3),
	(1070, 548, '2023-03-13', NULL, 3),
	(1071, 215, '2023-03-13', NULL, 3),
	(1072, 121, '2023-03-13', NULL, 3),
	(1073, 607, '2023-03-14', '2023-07-11', 1),
	(1074, 217, '2023-03-14', NULL, 3),
	(1075, 94, '2023-03-16', NULL, 3),
	(1076, 120, '2023-03-17', NULL, 3),
	(1077, 92, '2023-03-18', NULL, 3),
	(1078, 502, '2023-03-18', NULL, 3),
	(1079, 503, '2023-03-19', NULL, 3),
	(1080, 142, '2023-03-20', NULL, 3),
	(1081, 185, '2023-03-21', '2023-05-22', 1),
	(1082, 33, '2023-03-26', '2023-06-24', 1),
	(1083, 309, '2023-03-27', NULL, 3),
	(1084, 195, '2023-03-28', '2023-05-24', 1),
	(1085, 207, '2023-03-31', NULL, 3),
	(1086, 407, '2023-03-31', NULL, 3),
	(1087, 162, '2023-04-01', NULL, 3),
	(1088, 33, '2023-04-02', NULL, 3),
	(1089, 156, '2023-04-05', NULL, 3),
	(1090, 332, '2023-04-05', '2023-06-24', 1),
	(1091, 236, '2023-04-05', NULL, 3),
	(1092, 459, '2023-04-07', NULL, 3),
	(1093, 309, '2023-04-08', NULL, 3),
	(1094, 366, '2023-04-08', NULL, 3),
	(1095, 426, '2023-04-08', NULL, 3),
	(1096, 533, '2023-04-09', '2023-07-22', 1),
	(1097, 230, '2023-04-09', NULL, 3),
	(1098, 336, '2023-04-09', NULL, 3),
	(1099, 359, '2023-04-10', NULL, 3),
	(1100, 176, '2023-04-11', NULL, 3),
	(1101, 617, '2023-04-11', NULL, 3),
	(1102, 79, '2023-04-14', NULL, 3),
	(1103, 38, '2023-04-15', '2023-07-30', 1),
	(1104, 131, '2023-04-16', NULL, 3),
	(1105, 49, '2023-04-18', NULL, 3),
	(1106, 47, '2023-04-18', NULL, 3),
	(1107, 76, '2023-04-18', '2023-08-01', 1),
	(1108, 209, '2023-04-22', NULL, 3),
	(1109, 540, '2023-04-24', NULL, 3),
	(1110, 193, '2023-04-24', NULL, 3),
	(1111, 80, '2023-04-25', NULL, 3),
	(1112, 86, '2023-04-26', NULL, 3),
	(1113, 201, '2023-04-27', NULL, 3),
	(1114, 49, '2023-04-27', NULL, 3),
	(1115, 500, '2023-04-30', NULL, 3),
	(1116, 394, '2023-04-30', NULL, 3),
	(1117, 593, '2023-05-01', NULL, 3),
	(1118, 67, '2023-05-01', NULL, 3),
	(1119, 474, '2023-05-03', NULL, 3),
	(1120, 278, '2023-05-04', NULL, 3),
	(1121, 578, '2023-05-04', NULL, 3),
	(1122, 24, '2023-05-05', NULL, 3),
	(1123, 320, '2023-05-05', NULL, 3),
	(1124, 39, '2023-05-06', NULL, 3),
	(1125, 206, '2023-05-09', NULL, 3),
	(1126, 261, '2023-05-11', NULL, 3),
	(1127, 431, '2023-05-11', NULL, 3),
	(1128, 427, '2023-05-11', NULL, 3),
	(1129, 53, '2023-05-12', NULL, 3),
	(1130, 605, '2023-05-13', NULL, 3),
	(1131, 426, '2023-05-14', NULL, 3),
	(1132, 105, '2023-05-15', NULL, 3),
	(1133, 566, '2023-05-16', NULL, 3),
	(1134, 317, '2023-05-16', '2023-05-23', 1),
	(1135, 511, '2023-05-17', NULL, 3),
	(1136, 374, '2023-05-18', NULL, 3),
	(1137, 158, '2023-05-18', NULL, 3),
	(1138, 188, '2023-05-21', NULL, 3),
	(1139, 400, '2023-05-22', NULL, 3),
	(1140, 235, '2023-05-24', NULL, 3),
	(1141, 30, '2023-05-24', NULL, 3),
	(1142, 299, '2023-05-26', NULL, 3),
	(1143, 263, '2023-05-27', NULL, 3),
	(1144, 33, '2023-05-28', NULL, 3),
	(1145, 273, '2023-05-30', '2023-08-21', 1),
	(1146, 477, '2023-06-03', NULL, 3),
	(1147, 232, '2023-06-03', NULL, 3),
	(1148, 436, '2023-06-04', NULL, 3),
	(1149, 482, '2023-06-06', NULL, 3),
	(1150, 80, '2023-06-07', '2023-08-22', 1),
	(1151, 220, '2023-06-07', NULL, 3),
	(1152, 34, '2023-06-08', NULL, 3),
	(1153, 32, '2023-06-09', NULL, 3),
	(1154, 76, '2023-06-10', NULL, 3),
	(1155, 272, '2023-06-12', NULL, 3),
	(1156, 47, '2023-06-13', NULL, 3),
	(1157, 80, '2023-06-13', NULL, 3),
	(1158, 503, '2023-06-14', NULL, 3),
	(1159, 620, '2023-06-19', NULL, 3),
	(1160, 44, '2023-06-19', NULL, 3),
	(1161, 325, '2023-06-20', NULL, 3),
	(1162, 140, '2023-06-20', NULL, 3),
	(1163, 161, '2023-06-20', '2023-07-04', 1),
	(1164, 81, '2023-06-20', NULL, 3),
	(1165, 323, '2023-06-21', NULL, 3),
	(1166, 251, '2023-06-25', NULL, 3),
	(1167, 195, '2023-06-26', NULL, 3),
	(1168, 605, '2023-06-26', NULL, 3),
	(1169, 127, '2023-06-26', NULL, 3),
	(1170, 144, '2023-06-28', NULL, 3),
	(1171, 418, '2023-06-29', NULL, 3),
	(1172, 6, '2023-06-30', '2023-07-05', 1),
	(1173, 451, '2023-07-01', NULL, 3),
	(1174, 217, '2023-07-01', NULL, 3),
	(1175, 244, '2023-07-02', NULL, 3),
	(1176, 600, '2023-07-05', '2023-08-26', 1),
	(1177, 107, '2023-07-07', '2023-10-11', 1),
	(1178, 368, '2023-07-12', NULL, 3),
	(1179, 583, '2023-07-12', NULL, 3),
	(1180, 613, '2023-07-13', NULL, 3),
	(1181, 262, '2023-07-14', NULL, 3),
	(1182, 296, '2023-07-15', NULL, 3),
	(1183, 421, '2023-07-16', NULL, 3),
	(1184, 608, '2023-07-17', NULL, 3),
	(1185, 179, '2023-07-20', NULL, 3),
	(1186, 253, '2023-07-22', NULL, 3),
	(1187, 607, '2023-07-22', '2023-11-05', 1),
	(1188, 459, '2023-07-22', NULL, 3),
	(1189, 496, '2023-07-22', NULL, 3),
	(1190, 400, '2023-07-23', '2023-09-02', 1),
	(1191, 523, '2023-07-23', NULL, 3),
	(1192, 564, '2023-07-25', NULL, 3),
	(1193, 254, '2023-07-25', '2023-11-01', 1),
	(1194, 447, '2023-07-27', NULL, 3),
	(1195, 185, '2023-07-31', NULL, 3),
	(1196, 320, '2023-08-01', '2023-08-29', 1),
	(1197, 532, '2023-08-02', NULL, 3),
	(1198, 394, '2023-08-04', '2023-08-29', 1),
	(1199, 78, '2023-08-04', NULL, 3),
	(1200, 104, '2023-08-05', NULL, 3),
	(1201, 433, '2023-08-05', NULL, 3),
	(1202, 525, '2023-08-11', '2023-09-18', 1),
	(1203, 626, '2023-08-12', NULL, 3),
	(1204, 375, '2023-08-12', NULL, 3),
	(1205, 245, '2023-08-12', NULL, 3),
	(1206, 387, '2023-08-14', NULL, 3),
	(1207, 270, '2023-08-14', NULL, 3),
	(1208, 406, '2023-08-14', NULL, 3),
	(1209, 387, '2023-08-14', NULL, 3),
	(1210, 132, '2023-08-14', NULL, 3),
	(1211, 235, '2023-08-15', '2023-08-30', 1),
	(1212, 292, '2023-08-15', NULL, 3),
	(1213, 319, '2023-08-16', '2023-09-12', 1),
	(1214, 168, '2023-08-17', NULL, 3),
	(1215, 605, '2023-08-17', NULL, 3),
	(1216, 290, '2023-08-17', NULL, 3),
	(1217, 480, '2023-08-18', NULL, 3),
	(1218, 164, '2023-08-19', '2023-09-30', 1),
	(1219, 222, '2023-08-19', '2023-09-01', 1),
	(1220, 365, '2023-08-22', NULL, 3),
	(1221, 344, '2023-08-23', NULL, 3),
	(1222, 339, '2023-08-24', '2023-10-11', 1),
	(1223, 161, '2023-08-24', NULL, 3),
	(1224, 50, '2023-08-24', '2023-11-02', 1),
	(1225, 121, '2023-08-24', NULL, 3),
	(1226, 556, '2023-08-27', NULL, 3),
	(1227, 382, '2023-08-29', NULL, 3),
	(1228, 409, '2023-09-02', NULL, 3),
	(1229, 62, '2023-09-02', NULL, 3),
	(1230, 495, '2023-09-04', NULL, 3),
	(1231, 566, '2023-09-04', NULL, 3),
	(1232, 78, '2023-09-04', NULL, 3),
	(1233, 71, '2023-09-05', NULL, 3),
	(1234, 534, '2023-09-07', NULL, 3),
	(1235, 485, '2023-09-07', '2023-12-25', 1),
	(1236, 595, '2023-09-07', '2023-12-15', 1),
	(1237, 104, '2023-09-08', NULL, 3),
	(1238, 582, '2023-09-08', NULL, 3),
	(1239, 17, '2023-09-13', NULL, 3),
	(1240, 176, '2023-09-14', NULL, 3),
	(1241, 423, '2023-09-15', NULL, 3),
	(1242, 369, '2023-09-16', NULL, 3),
	(1243, 168, '2023-09-17', NULL, 3),
	(1244, 514, '2023-09-17', '2023-10-14', 1),
	(1245, 136, '2023-09-19', NULL, 3),
	(1246, 243, '2023-09-20', NULL, 3),
	(1247, 504, '2023-09-21', NULL, 3),
	(1248, 230, '2023-09-23', NULL, 3),
	(1249, 324, '2023-09-23', NULL, 3),
	(1250, 434, '2023-09-23', NULL, 3),
	(1251, 549, '2023-09-24', NULL, 3),
	(1252, 620, '2023-09-27', NULL, 3),
	(1253, 606, '2023-09-27', NULL, 3),
	(1254, 321, '2023-09-28', NULL, 3),
	(1255, 211, '2023-09-28', NULL, 3),
	(1256, 586, '2023-10-02', NULL, 3),
	(1257, 50, '2023-10-02', NULL, 3),
	(1258, 305, '2023-10-02', NULL, 3),
	(1259, 54, '2023-10-04', NULL, 3),
	(1260, 530, '2023-10-05', NULL, 3),
	(1261, 375, '2023-10-05', NULL, 3),
	(1262, 505, '2023-10-07', '2023-11-06', 1),
	(1263, 203, '2023-10-09', NULL, 3),
	(1264, 301, '2023-10-09', NULL, 3),
	(1265, 594, '2023-10-09', NULL, 3),
	(1266, 314, '2023-10-09', NULL, 3),
	(1267, 371, '2023-10-09', NULL, 3),
	(1268, 466, '2023-10-11', NULL, 3),
	(1269, 66, '2023-10-12', NULL, 3),
	(1270, 149, '2023-10-14', NULL, 3),
	(1271, 9, '2023-10-14', NULL, 3),
	(1272, 207, '2023-10-14', NULL, 3),
	(1273, 227, '2023-10-15', NULL, 3),
	(1274, 150, '2023-10-16', NULL, 3),
	(1275, 350, '2023-10-17', '2023-12-13', 1),
	(1276, 605, '2023-10-19', NULL, 3),
	(1277, 266, '2023-10-19', NULL, 3),
	(1278, 210, '2023-10-19', NULL, 3),
	(1279, 462, '2023-10-20', NULL, 3),
	(1280, 386, '2023-10-20', NULL, 3);

INSERT INTO Usluga (id, nazwa, cena)
VALUES (1, 'Oil change', 30.00),
	(2, 'Synthetic oil change', 65.50),
	(3, 'Tire rotation and balance', 50.00),
	(4, 'Tire replacement (per tire)', 90.00),
	(5, 'Brake pad replacement', 250.00),
	(6, 'Brake rotor replacement', 350.00),
	(7, 'General safety inspection', 25.00),
	(8, 'A/C recharge and repair', 150.00),
	(9, 'Battery replacement', 129.99),
	(10, 'Transmission fluid change', 90.75),
	(11, 'Transmission rebuild', 3000.00),
	(12, 'Diagnostic scan and code reading', 75.00),
	(13, 'Engine performance check', 80.00),
	(14, 'Wheel alignment', 110.00),
	(15, 'Alternator replacement', 290.00),
	(16, 'Exhaust system repair or replacement', 190.00),
	(17, 'Basic interior and exterior detailing', 175.20),
	(18, 'Windshield repair', 60.00),
	(19, 'Windshield replacement', 250.00),
	(20, 'Towing service (per km)', 5.00);

INSERT INTO Zamowienie_Usluga_Pracownik (zamowienie_id, usluga_id, pracownik_id)
VALUES (180, 6, 1),
	(210, 12, 1),
	(217, 13, 1),
	(239, 3, 1),
	(244, 19, 1),
	(258, 3, 1),
	(363, 3, 1),
	(453, 18, 1),
	(472, 11, 1),
	(505, 19, 1),
	(559, 8, 1),
	(643, 12, 1),
	(684, 7, 1),
	(743, 9, 1),
	(838, 3, 1),
	(846, 19, 1),
	(949, 11, 1),
	(954, 12, 1),
	(1000, 6, 1),
	(1013, 17, 1),
	(1189, 11, 1),
	(1196, 8, 1),
	(398, 13, 2),
	(421, 19, 2),
	(436, 12, 2),
	(468, 11, 2),
	(566, 17, 2),
	(617, 16, 2),
	(648, 19, 2),
	(1029, 18, 2),
	(1032, 10, 2),
	(1063, 16, 2),
	(1175, 17, 2),
	(685, 9, 4),
	(827, 4, 4),
	(873, 11, 4),
	(876, 10, 4),
	(1159, 13, 4),
	(1164, 6, 4),
	(1220, 13, 4),
	(1231, 2, 4),
	(204, 12, 5),
	(497, 15, 5),
	(570, 9, 5),
	(1245, 15, 7),
	(600, 20, 12),
	(612, 20, 12),
	(712, 20, 12),
	(789, 20, 12),
	(1086, 20, 12),
	(1250, 20, 12),
	(1277, 20, 12),
	(970, 14, 16),
	(1088, 2, 16),
	(1218, 5, 16),
	(931, 8, 21),
	(941, 5, 21),
	(944, 6, 21),
	(952, 1, 21),
	(1005, 17, 21),
	(1019, 16, 21),
	(1026, 18, 21),
	(1027, 19, 21),
	(1032, 13, 21),
	(1035, 18, 21),
	(1045, 9, 21),
	(1079, 19, 21),
	(1122, 13, 21),
	(1134, 14, 21),
	(1166, 3, 21),
	(1187, 10, 21),
	(1190, 7, 21),
	(1209, 9, 21),
	(1222, 15, 21),
	(1249, 15, 21),
	(1255, 16, 21),
	(1274, 16, 21),
	(1275, 9, 21),
	(1099, 18, 26),
	(346, 17, 32),
	(444, 18, 32),
	(495, 18, 32),
	(654, 17, 32),
	(871, 5, 34),
	(932, 2, 34),
	(1053, 3, 34),
	(1073, 3, 34),
	(1110, 5, 34),
	(1113, 5, 34),
	(1246, 5, 34),
	(387, 15, 57),
	(757, 15, 57),
	(791, 13, 60),
	(807, 7, 60),
	(1005, 19, 69),
	(375, 19, 73),
	(522, 17, 73),
	(604, 18, 73),
	(1127, 17, 73),
	(1239, 18, 73),
	(947, 15, 74),
	(1245, 15, 74),
	(439, 11, 76),
	(721, 11, 76),
	(612, 20, 79),
	(688, 20, 79),
	(733, 20, 79),
	(738, 20, 79),
	(794, 20, 79),
	(814, 20, 79),
	(530, 20, 85),
	(591, 20, 85),
	(666, 20, 85),
	(865, 7, 101),
	(923, 11, 101),
	(858, 19, 106),
	(684, 7, 114),
	(1018, 13, 114),
	(589, 20, 116),
	(809, 20, 116),
	(859, 20, 116),
	(962, 20, 116),
	(1021, 20, 116),
	(1108, 20, 116),
	(746, 10, 121),
	(829, 3, 121),
	(965, 15, 121),
	(968, 10, 121),
	(1002, 10, 121),
	(1165, 11, 121),
	(1226, 2, 121),
	(301, 17, 125),
	(389, 18, 125),
	(166, 17, 126),
	(264, 7, 126),
	(279, 8, 126),
	(347, 19, 126),
	(385, 12, 126),
	(451, 13, 126),
	(502, 17, 126),
	(506, 10, 126),
	(537, 3, 126),
	(566, 18, 126),
	(588, 3, 126),
	(617, 16, 126),
	(651, 3, 126),
	(700, 16, 126),
	(1147, 12, 126),
	(1195, 18, 126),
	(1201, 7, 126),
	(1213, 18, 126),
	(880, 8, 128),
	(897, 9, 128),
	(923, 9, 128),
	(958, 16, 128),
	(1030, 9, 128),
	(1118, 18, 128),
	(1122, 8, 128),
	(1145, 9, 128),
	(1152, 16, 128),
	(1266, 9, 128),
	(1272, 17, 128),
	(883, 20, 130),
	(900, 20, 130),
	(978, 20, 130),
	(1017, 20, 130),
	(1097, 20, 130),
	(1131, 20, 130),
	(1157, 20, 130),
	(166, 5, 139),
	(171, 10, 139),
	(177, 1, 139),
	(177, 16, 139),
	(181, 7, 139),
	(194, 1, 139),
	(205, 8, 139),
	(206, 19, 139),
	(220, 2, 139),
	(229, 4, 139),
	(231, 4, 139),
	(233, 13, 139),
	(252, 6, 139),
	(253, 6, 139),
	(318, 8, 139),
	(348, 13, 139),
	(367, 12, 139),
	(376, 17, 139),
	(389, 18, 139),
	(395, 3, 139),
	(427, 18, 139),
	(429, 2, 139),
	(434, 6, 139),
	(461, 17, 139),
	(462, 10, 139),
	(501, 17, 139),
	(536, 3, 139),
	(549, 6, 139),
	(564, 19, 139),
	(585, 7, 139),
	(599, 2, 139),
	(600, 13, 139),
	(622, 14, 139),
	(704, 7, 139),
	(734, 15, 139),
	(754, 7, 139),
	(800, 6, 139),
	(801, 2, 139),
	(825, 17, 139),
	(830, 12, 139),
	(836, 16, 139),
	(848, 4, 139),
	(855, 13, 139),
	(889, 14, 139),
	(892, 11, 139),
	(895, 14, 139),
	(899, 5, 139),
	(932, 9, 139),
	(958, 6, 139),
	(967, 10, 139),
	(1012, 17, 139),
	(1014, 6, 139),
	(1019, 6, 139),
	(1030, 9, 139),
	(1036, 1, 139),
	(1042, 18, 139),
	(1052, 18, 139),
	(1078, 11, 139),
	(1116, 4, 139),
	(1134, 14, 139),
	(1152, 16, 139),
	(1154, 8, 139),
	(1182, 8, 139),
	(1183, 1, 139),
	(1192, 18, 139),
	(1238, 7, 139),
	(1247, 11, 139),
	(1254, 9, 139),
	(1257, 4, 139),
	(398, 18, 147),
	(405, 9, 147),
	(406, 19, 147),
	(430, 4, 147),
	(430, 7, 147),
	(526, 16, 147),
	(529, 9, 147),
	(566, 17, 147),
	(601, 7, 147),
	(639, 12, 147),
	(712, 7, 147),
	(744, 4, 147),
	(806, 17, 147),
	(923, 11, 147),
	(986, 7, 147),
	(1013, 17, 147),
	(1186, 9, 147),
	(1192, 18, 147),
	(1196, 8, 147),
	(805, 11, 158),
	(820, 1, 158),
	(831, 8, 158),
	(847, 9, 158),
	(972, 5, 158),
	(1007, 3, 158),
	(1012, 16, 158),
	(1097, 17, 158),
	(1104, 10, 158),
	(1147, 12, 158),
	(1154, 8, 158),
	(1189, 6, 158),
	(1189, 11, 158),
	(1261, 12, 158),
	(674, 7, 174),
	(707, 11, 174),
	(810, 6, 174),
	(992, 7, 174),
	(1086, 13, 174),
	(1123, 12, 174),
	(779, 3, 190),
	(792, 2, 190),
	(820, 5, 190),
	(838, 3, 190),
	(844, 15, 190),
	(899, 5, 190),
	(912, 5, 190),
	(928, 6, 190),
	(931, 3, 190),
	(940, 4, 190),
	(1020, 3, 190),
	(1116, 4, 190),
	(1153, 3, 190),
	(1183, 1, 190),
	(1188, 1, 190),
	(1198, 4, 190),
	(1199, 2, 190),
	(1216, 5, 190),
	(1241, 3, 190),
	(1048, 7, 193),
	(1199, 7, 193),
	(312, 1, 195),
	(385, 10, 195),
	(413, 4, 195),
	(663, 2, 195),
	(778, 12, 195),
	(830, 2, 195),
	(916, 12, 195),
	(1110, 5, 195),
	(1144, 14, 195),
	(1243, 15, 195),
	(846, 19, 201),
	(919, 19, 201),
	(1011, 17, 201),
	(1051, 17, 201),
	(1097, 17, 201),
	(727, 7, 203),
	(789, 19, 203),
	(802, 17, 203),
	(873, 11, 203),
	(878, 16, 203),
	(885, 4, 203),
	(906, 18, 203),
	(964, 17, 203),
	(997, 3, 203),
	(998, 14, 203),
	(1007, 3, 203),
	(1049, 14, 203),
	(1093, 10, 203),
	(1213, 12, 203),
	(1230, 1, 203),
	(1239, 16, 203),
	(1262, 1, 203),
	(1273, 14, 203),
	(367, 5, 218),
	(427, 15, 218),
	(440, 10, 218),
	(632, 2, 218),
	(673, 13, 218),
	(740, 12, 218),
	(748, 9, 218),
	(773, 10, 218),
	(869, 11, 218),
	(902, 15, 218),
	(1267, 6, 218),
	(1277, 3, 218),
	(239, 10, 221),
	(279, 5, 221),
	(313, 12, 221),
	(431, 5, 221),
	(449, 9, 221),
	(521, 2, 221),
	(523, 15, 221),
	(567, 11, 221),
	(577, 15, 221),
	(580, 7, 221),
	(588, 1, 221),
	(635, 10, 221),
	(689, 11, 221),
	(704, 7, 221),
	(761, 1, 221),
	(813, 10, 221),
	(827, 4, 221),
	(873, 11, 221),
	(904, 12, 221),
	(916, 12, 221),
	(931, 13, 221),
	(1071, 15, 221),
	(1076, 11, 221),
	(1164, 12, 221),
	(1177, 13, 221),
	(1179, 5, 221),
	(1185, 2, 221),
	(1186, 9, 221),
	(1226, 2, 221),
	(1246, 5, 221),
	(1277, 7, 221),
	(1278, 12, 221),
	(805, 11, 228),
	(920, 1, 228),
	(971, 7, 228),
	(1043, 4, 228),
	(1122, 13, 228),
	(1180, 13, 228),
	(1217, 12, 228),
	(765, 3, 238),
	(811, 15, 238),
	(844, 15, 238),
	(890, 15, 238),
	(915, 6, 238),
	(935, 3, 238),
	(947, 15, 238),
	(1019, 6, 238),
	(1025, 6, 238),
	(1150, 2, 238),
	(1153, 3, 238),
	(1198, 15, 238),
	(1209, 3, 238),
	(1213, 5, 238),
	(1232, 5, 238),
	(1243, 4, 238),
	(1253, 2, 238),
	(932, 4, 241),
	(1226, 8, 241),
	(1255, 6, 241),
	(564, 1, 248),
	(773, 15, 248),
	(839, 11, 248),
	(903, 15, 248),
	(1233, 4, 248),
	(1258, 14, 248),
	(343, 20, 250),
	(350, 20, 250),
	(358, 20, 250),
	(412, 20, 250),
	(545, 20, 250),
	(589, 20, 250),
	(641, 20, 250),
	(686, 20, 250),
	(759, 20, 250),
	(912, 20, 250),
	(917, 20, 250),
	(1123, 20, 250),
	(1161, 20, 250),
	(565, 14, 259),
	(603, 4, 259),
	(635, 2, 259),
	(847, 9, 259),
	(891, 12, 259),
	(903, 6, 259),
	(975, 14, 259),
	(1119, 6, 259),
	(1147, 2, 259),
	(1237, 15, 259),
	(1275, 9, 259),
	(1280, 5, 259),
	(398, 13, 262),
	(483, 4, 262),
	(554, 12, 262),
	(576, 1, 262),
	(655, 14, 262),
	(729, 4, 262),
	(767, 2, 262),
	(941, 5, 266),
	(959, 4, 266),
	(975, 1, 266),
	(1095, 5, 266),
	(1100, 5, 266),
	(1132, 3, 266),
	(1162, 6, 266),
	(1200, 2, 266),
	(1205, 2, 266),
	(1222, 15, 266),
	(1230, 6, 266),
	(1240, 5, 266),
	(1262, 1, 266),
	(762, 20, 269),
	(1116, 20, 269),
	(1141, 20, 269),
	(680, 12, 270),
	(754, 9, 270),
	(764, 18, 270),
	(815, 11, 270),
	(851, 6, 270),
	(903, 7, 270),
	(925, 18, 270),
	(964, 10, 270),
	(1074, 18, 270),
	(1104, 10, 270),
	(1260, 19, 270),
	(236, 9, 272),
	(238, 3, 272),
	(261, 13, 272),
	(287, 4, 272),
	(389, 18, 272),
	(395, 8, 272),
	(417, 17, 272),
	(489, 17, 272),
	(561, 7, 272),
	(652, 7, 272),
	(669, 11, 272),
	(672, 19, 272),
	(714, 19, 272),
	(750, 3, 272),
	(853, 8, 272),
	(939, 18, 272),
	(945, 11, 272),
	(976, 12, 272),
	(1087, 18, 272),
	(1116, 18, 272),
	(1163, 7, 272),
	(1274, 16, 272),
	(388, 18, 273),
	(399, 16, 273),
	(426, 7, 273),
	(491, 11, 273),
	(527, 17, 273),
	(564, 6, 273),
	(605, 7, 273),
	(795, 11, 273),
	(867, 17, 273),
	(889, 9, 273),
	(918, 10, 273),
	(1099, 8, 273),
	(1153, 3, 273),
	(1158, 7, 273),
	(1164, 12, 273),
	(1266, 9, 273),
	(812, 18, 276),
	(1171, 19, 276),
	(1168, 7, 277),
	(573, 19, 282),
	(802, 19, 282),
	(810, 17, 282),
	(825, 17, 282),
	(1149, 18, 282),
	(308, 3, 286),
	(309, 12, 286),
	(340, 2, 286),
	(360, 9, 286),
	(428, 9, 286),
	(429, 9, 286),
	(542, 5, 286),
	(571, 2, 286),
	(580, 9, 286),
	(590, 3, 286),
	(593, 7, 286),
	(598, 1, 286),
	(632, 2, 286),
	(657, 2, 286),
	(710, 10, 286),
	(719, 5, 286),
	(723, 5, 286),
	(761, 1, 286),
	(780, 11, 286),
	(816, 9, 286),
	(877, 2, 286),
	(921, 1, 286),
	(924, 10, 286),
	(931, 13, 286),
	(932, 9, 286),
	(958, 10, 286),
	(1014, 13, 286),
	(1016, 4, 286),
	(1176, 6, 286),
	(1190, 7, 286),
	(1200, 7, 286),
	(1210, 11, 286),
	(1217, 10, 286),
	(1233, 4, 286),
	(1234, 6, 286),
	(1240, 5, 286),
	(1259, 12, 286),
	(866, 14, 287),
	(914, 4, 287),
	(1010, 14, 287),
	(1107, 13, 287),
	(1234, 6, 287),
	(1261, 12, 287),
	(1267, 6, 287),
	(960, 9, 289),
	(1109, 2, 289),
	(1176, 11, 289),
	(496, 15, 290),
	(535, 1, 290),
	(557, 6, 290),
	(586, 3, 290),
	(666, 15, 290),
	(692, 1, 290),
	(787, 4, 290),
	(837, 1, 290),
	(843, 6, 290),
	(958, 2, 290),
	(981, 4, 290),
	(1004, 5, 290),
	(1028, 4, 290),
	(1039, 2, 290),
	(1143, 3, 290),
	(1147, 2, 290),
	(1231, 2, 290),
	(695, 9, 318),
	(696, 1, 318),
	(713, 7, 318),
	(716, 12, 318),
	(747, 15, 318),
	(776, 4, 318),
	(780, 11, 318),
	(819, 9, 318),
	(838, 4, 318),
	(871, 5, 318),
	(877, 2, 318),
	(905, 1, 318),
	(912, 5, 318),
	(912, 7, 318),
	(954, 4, 318),
	(966, 13, 318),
	(1045, 4, 318),
	(1059, 5, 318),
	(1107, 3, 318),
	(1122, 12, 318),
	(1164, 12, 318),
	(1198, 15, 318),
	(1199, 7, 318),
	(1216, 12, 318),
	(1280, 3, 318),
	(1064, 15, 327),
	(1121, 3, 327),
	(1179, 5, 327),
	(299, 19, 328),
	(1071, 15, 329),
	(1142, 10, 329),
	(1203, 6, 329),
	(869, 11, 332),
	(877, 14, 332),
	(896, 1, 332),
	(905, 5, 332),
	(922, 19, 332),
	(951, 17, 332),
	(966, 13, 332),
	(990, 8, 332),
	(990, 10, 332),
	(1009, 13, 332),
	(1029, 18, 332),
	(1042, 18, 332),
	(1083, 16, 332),
	(1106, 3, 332),
	(1117, 14, 332),
	(1136, 10, 332),
	(1151, 5, 332),
	(1171, 8, 332),
	(1196, 8, 332),
	(1217, 10, 332),
	(1221, 19, 332),
	(1243, 4, 332),
	(1265, 11, 332),
	(649, 8, 334),
	(670, 10, 334),
	(675, 12, 334),
	(687, 3, 334),
	(693, 14, 334),
	(713, 1, 334),
	(713, 8, 334),
	(716, 10, 334),
	(810, 17, 334),
	(819, 10, 334),
	(832, 17, 334),
	(836, 16, 334),
	(839, 9, 334),
	(861, 10, 334),
	(877, 2, 334),
	(883, 8, 334),
	(936, 7, 334),
	(951, 19, 334),
	(953, 16, 334),
	(993, 19, 334),
	(1005, 17, 334),
	(1034, 19, 334),
	(1072, 1, 334),
	(1081, 18, 334),
	(1086, 13, 334),
	(1099, 18, 334),
	(1102, 7, 334),
	(1142, 16, 334),
	(1145, 9, 334),
	(1148, 5, 334),
	(1171, 17, 334),
	(1180, 13, 334),
	(1188, 15, 334),
	(1195, 6, 334),
	(1198, 15, 334),
	(1206, 10, 334),
	(1221, 5, 334),
	(1226, 2, 334),
	(1227, 18, 334),
	(1234, 12, 334),
	(1263, 3, 334),
	(617, 7, 337),
	(635, 2, 337),
	(635, 13, 337),
	(697, 3, 337),
	(713, 13, 337),
	(734, 15, 337),
	(760, 9, 337),
	(778, 1, 337),
	(816, 10, 337),
	(898, 10, 337),
	(900, 5, 337),
	(910, 1, 337),
	(950, 3, 337),
	(958, 6, 337),
	(976, 12, 337),
	(992, 11, 337),
	(1112, 2, 337),
	(1162, 1, 337),
	(1162, 6, 337),
	(1170, 13, 337),
	(1177, 13, 337),
	(1179, 11, 337),
	(1205, 2, 337),
	(1224, 11, 337),
	(1230, 9, 337),
	(1240, 10, 337),
	(1265, 2, 337),
	(1280, 12, 337),
	(296, 18, 338),
	(519, 18, 338),
	(882, 19, 338),
	(1177, 19, 338),
	(644, 14, 339),
	(1037, 14, 339),
	(1064, 15, 339),
	(1144, 11, 339),
	(1263, 3, 339),
	(687, 3, 352),
	(780, 6, 352),
	(798, 3, 352),
	(825, 5, 352),
	(857, 2, 352),
	(863, 6, 352),
	(869, 4, 352),
	(933, 5, 352),
	(941, 5, 352),
	(1039, 2, 352),
	(1040, 15, 352),
	(757, 15, 356),
	(866, 15, 356),
	(62, 8, 358),
	(169, 13, 358),
	(395, 8, 358),
	(480, 13, 358),
	(481, 8, 358),
	(488, 8, 358),
	(554, 12, 358),
	(567, 8, 358),
	(771, 8, 358),
	(771, 13, 358),
	(803, 16, 358),
	(916, 12, 358),
	(919, 8, 358),
	(922, 16, 358),
	(1011, 12, 358),
	(1261, 12, 358),
	(156, 10, 375),
	(176, 12, 375),
	(269, 12, 375),
	(277, 6, 375),
	(388, 17, 375),
	(493, 4, 375),
	(501, 13, 375),
	(670, 7, 375),
	(765, 3, 375),
	(874, 3, 375),
	(992, 7, 375),
	(1013, 18, 375),
	(1038, 8, 375),
	(1143, 10, 375),
	(1244, 13, 379),
	(774, 6, 387),
	(798, 5, 387),
	(802, 17, 387),
	(806, 17, 387),
	(860, 14, 387),
	(874, 3, 387),
	(879, 6, 387),
	(880, 8, 387),
	(890, 19, 387),
	(914, 4, 387),
	(929, 18, 387),
	(952, 3, 387),
	(961, 9, 387),
	(992, 7, 387),
	(1038, 14, 387),
	(1134, 14, 387),
	(1142, 16, 387),
	(1232, 14, 387),
	(1278, 12, 387),
	(577, 18, 390),
	(1024, 19, 390),
	(1108, 20, 393),
	(1127, 20, 393),
	(1179, 20, 393),
	(1191, 20, 393),
	(1005, 17, 404),
	(1042, 18, 404),
	(981, 8, 407),
	(991, 12, 407),
	(1038, 8, 407),
	(1128, 8, 407),
	(1139, 16, 407),
	(1176, 13, 407),
	(1225, 13, 407),
	(1255, 16, 407),
	(1259, 12, 407),
	(203, 14, 413),
	(269, 18, 413),
	(306, 19, 413),
	(314, 18, 413),
	(334, 16, 413),
	(339, 13, 413),
	(345, 5, 413),
	(352, 17, 413),
	(407, 19, 413),
	(414, 4, 413),
	(420, 5, 413),
	(458, 17, 413),
	(466, 18, 413),
	(482, 14, 413),
	(484, 5, 413),
	(491, 3, 413),
	(497, 11, 413),
	(499, 7, 413),
	(533, 16, 413),
	(544, 5, 413),
	(555, 4, 413),
	(609, 14, 413),
	(628, 1, 413),
	(700, 18, 413),
	(756, 9, 413),
	(778, 1, 413),
	(785, 17, 413),
	(790, 1, 413),
	(816, 9, 413),
	(818, 2, 413),
	(853, 8, 413),
	(896, 1, 413),
	(905, 5, 413),
	(907, 3, 413),
	(931, 3, 413),
	(963, 18, 413),
	(984, 14, 413),
	(1002, 1, 413),
	(1003, 5, 413),
	(1004, 5, 413),
	(1026, 14, 413),
	(1033, 1, 413),
	(1057, 17, 413),
	(1095, 14, 413),
	(1101, 9, 413),
	(1138, 14, 413),
	(1203, 3, 413),
	(1217, 19, 413),
	(1219, 19, 413),
	(1246, 14, 413),
	(1261, 12, 413),
	(1266, 9, 413),
	(1012, 16, 414),
	(1140, 8, 414),
	(1171, 8, 414),
	(1177, 13, 414),
	(1193, 13, 414),
	(1227, 17, 414),
	(1251, 18, 414),
	(1259, 12, 414),
	(775, 17, 416),
	(866, 18, 416),
	(1031, 18, 416),
	(1272, 17, 416),
	(486, 19, 417),
	(504, 7, 417),
	(518, 9, 417),
	(548, 9, 417),
	(562, 8, 417),
	(692, 11, 417),
	(706, 8, 417),
	(756, 9, 417),
	(771, 8, 417),
	(792, 19, 417),
	(806, 17, 417),
	(878, 16, 417),
	(893, 4, 417),
	(953, 16, 417),
	(968, 10, 417),
	(1011, 19, 417),
	(1107, 13, 417),
	(1127, 17, 417),
	(1146, 6, 417),
	(1163, 13, 418),
	(1177, 13, 418),
	(966, 13, 426),
	(976, 12, 426),
	(1018, 16, 426),
	(1063, 16, 426),
	(1184, 12, 426),
	(1236, 8, 426),
	(1246, 16, 426),
	(229, 10, 428),
	(520, 1, 428),
	(532, 10, 428),
	(705, 7, 428),
	(805, 11, 428),
	(877, 2, 428),
	(881, 1, 428),
	(926, 3, 428),
	(645, 1, 437),
	(666, 15, 437),
	(761, 1, 437),
	(793, 4, 437),
	(828, 10, 437),
	(836, 8, 437),
	(920, 1, 437),
	(975, 14, 437),
	(986, 15, 437),
	(1002, 4, 437),
	(1007, 3, 437),
	(1030, 1, 437),
	(1042, 18, 437),
	(1047, 8, 437),
	(1080, 14, 437),
	(1149, 8, 437),
	(1223, 16, 437),
	(1227, 18, 437),
	(1232, 14, 437),
	(1247, 7, 437),
	(321, 8, 440),
	(365, 15, 440),
	(369, 17, 440),
	(372, 2, 440),
	(422, 10, 440),
	(803, 16, 441),
	(864, 16, 441),
	(1063, 16, 441),
	(1105, 8, 441),
	(1196, 8, 441),
	(473, 1, 448),
	(478, 4, 448),
	(492, 6, 448),
	(514, 5, 448),
	(527, 15, 448),
	(573, 2, 448),
	(582, 4, 448),
	(597, 15, 448),
	(616, 1, 448),
	(677, 2, 448),
	(748, 4, 448),
	(763, 15, 448),
	(766, 2, 448),
	(773, 15, 448),
	(777, 1, 448),
	(800, 6, 448),
	(825, 5, 448),
	(871, 5, 448),
	(926, 3, 448),
	(937, 15, 448),
	(1000, 2, 448),
	(1007, 3, 448),
	(1013, 1, 448),
	(1018, 2, 448),
	(1033, 4, 448),
	(1065, 15, 448),
	(1174, 1, 448),
	(1211, 5, 448),
	(1232, 4, 448),
	(1249, 15, 448),
	(1265, 2, 448),
	(534, 17, 462),
	(866, 17, 462),
	(1173, 18, 462),
	(1195, 18, 462),
	(384, 13, 463),
	(645, 7, 463),
	(652, 7, 463),
	(986, 7, 463),
	(1055, 13, 463),
	(886, 17, 467),
	(577, 12, 471),
	(966, 12, 471),
	(1121, 8, 471),
	(1122, 8, 471),
	(1149, 8, 471),
	(1155, 13, 471),
	(1164, 12, 471),
	(1217, 16, 471),
	(1275, 13, 471),
	(1276, 8, 471),
	(1187, 15, 480),
	(1007, 11, 482),
	(1022, 4, 482),
	(1034, 19, 482),
	(1035, 18, 482),
	(1044, 11, 482),
	(1068, 8, 482),
	(1071, 15, 482),
	(1078, 11, 482),
	(1079, 10, 482),
	(1085, 17, 482),
	(1093, 10, 482),
	(1114, 4, 482),
	(1132, 3, 482),
	(1136, 6, 482),
	(1141, 8, 482),
	(1147, 12, 482),
	(1174, 18, 482),
	(1191, 1, 482),
	(1267, 6, 482),
	(1278, 12, 482),
	(537, 3, 488),
	(573, 19, 488),
	(617, 16, 488),
	(717, 11, 488),
	(751, 7, 488),
	(786, 7, 488),
	(821, 7, 488),
	(879, 8, 488),
	(1029, 18, 488),
	(1060, 13, 488),
	(1067, 7, 488),
	(1092, 8, 488),
	(1124, 19, 488),
	(1128, 8, 488),
	(1152, 16, 488),
	(1167, 11, 488),
	(319, 10, 491),
	(479, 3, 491),
	(692, 15, 491),
	(862, 11, 491),
	(894, 15, 491),
	(1232, 5, 491),
	(195, 12, 494),
	(197, 15, 494),
	(357, 15, 494),
	(404, 15, 494),
	(425, 9, 494),
	(644, 5, 494),
	(664, 12, 494),
	(664, 14, 494),
	(689, 11, 494),
	(748, 9, 494),
	(800, 6, 494),
	(1066, 14, 494),
	(1198, 5, 494),
	(928, 6, 496),
	(953, 16, 496),
	(979, 6, 496),
	(980, 14, 496),
	(1002, 5, 496),
	(1005, 17, 496),
	(1015, 18, 496),
	(1016, 4, 496),
	(1030, 9, 496),
	(1045, 4, 496),
	(1056, 15, 496),
	(1065, 15, 496),
	(1070, 13, 496),
	(1104, 1, 496),
	(1129, 11, 496),
	(1156, 6, 496),
	(1182, 18, 496),
	(1188, 1, 496),
	(1201, 4, 496),
	(1208, 16, 496),
	(1217, 19, 496),
	(1232, 4, 496),
	(1232, 11, 496),
	(1240, 14, 496),
	(1274, 17, 496),
	(753, 12, 500),
	(775, 17, 500),
	(796, 8, 500),
	(861, 10, 500),
	(898, 12, 500),
	(905, 19, 500),
	(920, 1, 500),
	(926, 14, 500),
	(1018, 6, 500),
	(1064, 15, 500),
	(1107, 18, 500),
	(1118, 11, 500),
	(1140, 7, 500),
	(1174, 18, 500),
	(1196, 8, 500),
	(1227, 18, 500),
	(1251, 18, 500),
	(995, 20, 506),
	(1038, 20, 506),
	(1061, 20, 506),
	(328, 19, 508),
	(346, 19, 508),
	(449, 17, 508),
	(491, 10, 508),
	(499, 12, 508),
	(555, 4, 508),
	(706, 8, 508),
	(729, 13, 508),
	(748, 8, 508),
	(810, 17, 508),
	(828, 3, 508),
	(854, 4, 508),
	(938, 17, 508),
	(958, 6, 508),
	(1019, 16, 508),
	(1127, 17, 508),
	(1226, 10, 508),
	(1256, 19, 508),
	(931, 13, 511),
	(932, 4, 511),
	(969, 5, 511),
	(970, 7, 511),
	(992, 11, 511),
	(1011, 17, 511),
	(1013, 18, 511),
	(1014, 19, 511),
	(1024, 19, 511),
	(1044, 19, 511),
	(1095, 5, 511),
	(1099, 2, 511),
	(1103, 8, 511),
	(1106, 15, 511),
	(1117, 14, 511),
	(1149, 18, 511),
	(1172, 14, 511),
	(1206, 10, 511),
	(1227, 17, 511),
	(1231, 2, 511),
	(1272, 1, 511),
	(1042, 18, 527),
	(1256, 19, 527),
	(1100, 5, 531),
	(1145, 3, 531),
	(1246, 5, 531),
	(193, 20, 541),
	(227, 20, 541),
	(263, 20, 541),
	(298, 20, 541),
	(589, 20, 541),
	(612, 20, 541),
	(666, 20, 541),
	(694, 20, 541),
	(798, 3, 544),
	(970, 7, 549),
	(992, 4, 549),
	(994, 5, 549),
	(1041, 3, 549),
	(1146, 6, 549),
	(1214, 12, 549),
	(1230, 6, 549),
	(1266, 9, 549),
	(317, 20, 553),
	(343, 20, 553),
	(589, 20, 553),
	(686, 20, 553),
	(1277, 20, 553),
	(757, 15, 573),
	(765, 3, 573),
	(791, 8, 573),
	(799, 1, 573),
	(844, 17, 573),
	(850, 4, 573),
	(862, 8, 573),
	(893, 4, 573),
	(962, 16, 573),
	(969, 5, 573),
	(976, 12, 573),
	(1011, 17, 573),
	(1025, 1, 573),
	(1030, 11, 573),
	(1044, 3, 573),
	(1051, 17, 573),
	(1084, 8, 573),
	(1094, 13, 573),
	(1134, 16, 573),
	(1166, 5, 573),
	(1169, 3, 573),
	(1244, 13, 573),
	(1272, 1, 573),
	(112, 1, 574),
	(124, 15, 574),
	(128, 7, 574),
	(183, 3, 574),
	(189, 7, 574),
	(207, 12, 574),
	(233, 1, 574),
	(236, 9, 574),
	(272, 1, 574),
	(320, 4, 574),
	(340, 11, 574),
	(364, 12, 574),
	(444, 7, 574),
	(489, 2, 574),
	(498, 15, 574),
	(516, 1, 574),
	(532, 4, 574),
	(602, 5, 574),
	(617, 7, 574),
	(639, 12, 574),
	(655, 7, 574),
	(671, 15, 574),
	(718, 9, 574),
	(748, 4, 574),
	(776, 7, 574),
	(792, 12, 574),
	(820, 1, 574),
	(874, 3, 574),
	(896, 6, 574),
	(907, 4, 574),
	(916, 13, 574),
	(973, 2, 574),
	(1002, 5, 574),
	(1003, 5, 574),
	(1037, 15, 574),
	(1133, 12, 574),
	(1147, 2, 574),
	(1148, 5, 574),
	(1245, 3, 574),
	(1277, 3, 574),
	(1280, 12, 574),
	(153, 9, 585),
	(212, 14, 585),
	(391, 10, 585),
	(521, 1, 585),
	(642, 1, 585),
	(757, 15, 585),
	(797, 4, 585),
	(888, 13, 585),
	(1001, 14, 585),
	(1215, 4, 585),
	(689, 11, 589),
	(709, 14, 589),
	(710, 8, 589),
	(713, 7, 589),
	(743, 8, 589),
	(781, 13, 589),
	(797, 4, 589),
	(869, 11, 589),
	(888, 4, 589),
	(904, 12, 589),
	(915, 6, 589),
	(925, 13, 589),
	(953, 16, 589),
	(961, 9, 589),
	(967, 3, 589),
	(1014, 13, 589),
	(1025, 1, 589),
	(1133, 12, 589),
	(1149, 18, 589),
	(1226, 10, 589),
	(1252, 18, 589),
	(1270, 2, 589),
	(202, 11, 605),
	(203, 19, 605),
	(209, 2, 605),
	(267, 7, 605),
	(320, 4, 605),
	(334, 16, 605),
	(345, 15, 605),
	(352, 14, 605),
	(353, 3, 605),
	(359, 6, 605),
	(399, 2, 605),
	(436, 12, 605),
	(449, 9, 605),
	(457, 1, 605),
	(463, 14, 605),
	(496, 10, 605),
	(522, 17, 605),
	(556, 12, 605),
	(615, 14, 605),
	(640, 19, 605),
	(700, 16, 605),
	(719, 5, 605),
	(763, 15, 605),
	(809, 8, 605),
	(853, 8, 605),
	(864, 5, 605),
	(870, 14, 605),
	(870, 18, 605),
	(905, 1, 605),
	(923, 9, 605),
	(1019, 16, 605),
	(1029, 18, 605),
	(1042, 18, 605),
	(1046, 9, 605),
	(1160, 8, 605),
	(1201, 4, 605),
	(1243, 15, 605),
	(1280, 12, 605),
	(126, 5, 609),
	(173, 11, 609),
	(187, 4, 609),
	(191, 5, 609),
	(221, 3, 609),
	(222, 9, 609),
	(245, 11, 609),
	(255, 10, 609),
	(291, 3, 609),
	(292, 4, 609),
	(339, 4, 609),
	(378, 1, 609),
	(387, 15, 609),
	(389, 3, 609),
	(391, 5, 609),
	(392, 1, 609),
	(451, 13, 609),
	(483, 9, 609),
	(484, 9, 609),
	(492, 13, 609),
	(537, 3, 609),
	(544, 5, 609),
	(574, 10, 609),
	(582, 6, 609),
	(598, 10, 609),
	(627, 9, 609),
	(656, 11, 609),
	(704, 7, 609),
	(827, 4, 609),
	(951, 2, 609),
	(969, 3, 609),
	(989, 2, 609),
	(1027, 9, 609),
	(1040, 15, 609),
	(1082, 5, 609),
	(1096, 1, 609),
	(1204, 3, 609),
	(1247, 7, 609),
	(1273, 14, 612),
	(905, 19, 615),
	(1032, 8, 615),
	(1062, 19, 615),
	(1120, 4, 615),
	(1229, 11, 615),
	(1234, 12, 615),
	(178, 16, 618),
	(187, 17, 618),
	(202, 11, 618),
	(289, 8, 618),
	(709, 7, 618),
	(771, 8, 618),
	(909, 12, 618),
	(957, 19, 618),
	(999, 19, 618),
	(1019, 16, 618),
	(1054, 10, 618),
	(1073, 3, 618),
	(1092, 8, 618),
	(1121, 19, 618),
	(1125, 8, 618),
	(580, 9, 627),
	(758, 7, 627),
	(865, 5, 627),
	(876, 10, 627),
	(1012, 14, 627),
	(1040, 5, 627),
	(1226, 10, 627),
	(1246, 14, 627),
	(425, 9, 629),
	(446, 19, 629),
	(492, 17, 629),
	(548, 1, 629),
	(580, 5, 629),
	(602, 5, 629),
	(607, 13, 629),
	(629, 17, 629),
	(631, 16, 629),
	(667, 12, 629),
	(698, 9, 629),
	(772, 8, 629),
	(804, 10, 629),
	(810, 17, 629),
	(848, 17, 629),
	(867, 5, 629),
	(883, 8, 629),
	(883, 19, 629),
	(910, 9, 629),
	(789, 20, 644),
	(824, 20, 644),
	(859, 20, 644),
	(867, 20, 644),
	(1053, 20, 644),
	(1269, 20, 644),
	(1277, 20, 644),
	(845, 19, 649),
	(849, 17, 649),
	(1173, 18, 649),
	(1279, 19, 649),
	(745, 13, 657),
	(1137, 7, 657),
	(1194, 7, 657),
	(314, 18, 658),
	(325, 17, 658),
	(347, 19, 658),
	(352, 17, 658),
	(1174, 18, 658),
	(670, 20, 659),
	(754, 20, 659),
	(814, 20, 659),
	(834, 20, 659),
	(917, 20, 659),
	(1109, 20, 659),
	(1123, 20, 659),
	(1180, 20, 659),
	(1187, 20, 659),
	(523, 19, 660),
	(610, 17, 660),
	(983, 17, 660),
	(1034, 19, 660),
	(491, 10, 661),
	(725, 15, 661),
	(790, 10, 661),
	(934, 10, 661),
	(996, 7, 661),
	(1242, 14, 661),
	(468, 11, 670),
	(485, 10, 670),
	(492, 6, 670),
	(538, 7, 670),
	(564, 1, 670),
	(575, 11, 670),
	(581, 4, 670),
	(597, 15, 670),
	(632, 2, 670),
	(657, 1, 670),
	(682, 2, 670),
	(683, 3, 670),
	(755, 5, 670),
	(778, 1, 670),
	(865, 9, 670),
	(884, 7, 670),
	(884, 9, 670),
	(887, 10, 670),
	(898, 12, 670),
	(912, 5, 670),
	(925, 13, 670),
	(991, 12, 670),
	(1011, 13, 670),
	(1029, 6, 670),
	(1055, 2, 670),
	(1076, 6, 670),
	(1087, 3, 670),
	(1195, 6, 670),
	(1221, 5, 670),
	(1245, 15, 670),
	(344, 5, 672),
	(596, 1, 672),
	(792, 5, 672),
	(792, 12, 672),
	(948, 9, 672),
	(1000, 5, 672),
	(1056, 15, 672),
	(1078, 10, 672),
	(1093, 3, 672),
	(1179, 5, 672),
	(507, 18, 677),
	(1042, 18, 677),
	(1175, 17, 677),
	(436, 12, 680),
	(492, 13, 680),
	(509, 3, 680),
	(554, 14, 680),
	(555, 4, 680),
	(574, 10, 680),
	(584, 17, 680),
	(585, 11, 680),
	(598, 10, 680),
	(662, 5, 680),
	(702, 2, 680),
	(706, 8, 680),
	(740, 12, 680),
	(742, 14, 680),
	(746, 10, 680),
	(747, 16, 680),
	(769, 4, 680),
	(773, 16, 680),
	(800, 18, 680),
	(836, 16, 680),
	(840, 7, 680),
	(870, 5, 680),
	(888, 1, 680),
	(900, 5, 680),
	(908, 12, 680),
	(932, 4, 680),
	(950, 15, 680),
	(988, 17, 680),
	(1035, 18, 680),
	(1044, 19, 680),
	(1082, 5, 680),
	(1118, 11, 680),
	(1154, 19, 680),
	(1158, 7, 680),
	(1163, 8, 680),
	(1181, 16, 680),
	(1195, 18, 680),
	(1212, 2, 680),
	(240, 13, 687),
	(272, 9, 687),
	(373, 1, 687),
	(430, 7, 687),
	(457, 1, 687),
	(555, 3, 687),
	(685, 9, 687),
	(788, 14, 687),
	(842, 9, 687),
	(896, 6, 687),
	(1066, 14, 687),
	(1131, 6, 687),
	(1234, 6, 687),
	(1248, 11, 687),
	(758, 19, 693),
	(148, 16, 695),
	(172, 19, 695),
	(229, 10, 695),
	(357, 4, 695),
	(368, 19, 695),
	(522, 9, 695),
	(651, 6, 695),
	(686, 16, 695),
	(992, 11, 703),
	(1025, 16, 703),
	(1086, 3, 703),
	(819, 9, 710),
	(883, 8, 710),
	(950, 7, 710),
	(1073, 3, 710),
	(1105, 8, 710),
	(1137, 10, 710),
	(1227, 18, 710),
	(904, 18, 729),
	(970, 7, 730),
	(996, 14, 730),
	(1039, 11, 730),
	(883, 20, 735),
	(911, 20, 735),
	(1090, 20, 735),
	(1135, 20, 735),
	(862, 17, 737),
	(1050, 19, 737),
	(1149, 18, 737),
	(1268, 14, 738),
	(79, 11, 739),
	(167, 9, 739),
	(417, 17, 739),
	(756, 9, 739),
	(786, 7, 739),
	(927, 8, 739),
	(985, 19, 739),
	(1034, 19, 739),
	(1047, 8, 739),
	(1077, 12, 739),
	(1115, 13, 739),
	(1140, 8, 739),
	(1163, 18, 739),
	(1208, 16, 739),
	(1269, 9, 739),
	(540, 7, 753),
	(567, 8, 753),
	(587, 19, 753),
	(617, 5, 753),
	(649, 8, 753),
	(652, 7, 753),
	(667, 12, 753),
	(670, 10, 753),
	(671, 4, 753),
	(700, 16, 753),
	(722, 3, 753),
	(732, 1, 753),
	(760, 18, 753),
	(776, 7, 753),
	(814, 9, 753),
	(823, 7, 753),
	(825, 5, 753),
	(836, 16, 753),
	(870, 5, 753),
	(887, 16, 753),
	(912, 5, 753),
	(955, 1, 753),
	(961, 14, 753),
	(968, 8, 753),
	(1012, 17, 753),
	(1040, 5, 753),
	(1059, 5, 753),
	(1078, 1, 753),
	(1241, 3, 753),
	(1251, 3, 753),
	(1272, 1, 753),
	(546, 12, 757),
	(553, 10, 757),
	(580, 5, 757),
	(619, 9, 757),
	(697, 3, 757),
	(744, 4, 757),
	(841, 11, 757),
	(1155, 13, 757),
	(1189, 11, 757),
	(646, 3, 773),
	(747, 10, 773),
	(855, 11, 773),
	(923, 9, 773),
	(974, 5, 773),
	(986, 7, 773),
	(987, 14, 773),
	(1112, 1, 773),
	(458, 9, 778),
	(941, 10, 778),
	(1004, 5, 778),
	(1039, 2, 778),
	(1122, 10, 778),
	(1144, 11, 778),
	(1258, 14, 778),
	(1264, 9, 778),
	(1270, 2, 778),
	(89, 11, 782),
	(211, 13, 782),
	(214, 6, 782),
	(220, 2, 782),
	(254, 2, 782),
	(315, 3, 782),
	(332, 2, 782),
	(366, 4, 782),
	(373, 1, 782),
	(377, 12, 782),
	(417, 1, 782),
	(422, 10, 782),
	(437, 6, 782),
	(455, 1, 782),
	(530, 13, 782),
	(535, 1, 782),
	(555, 3, 782),
	(590, 11, 782),
	(666, 15, 782),
	(692, 11, 782),
	(721, 11, 782),
	(807, 7, 782),
	(818, 2, 782),
	(820, 1, 782),
	(852, 12, 782),
	(865, 3, 782),
	(909, 12, 782),
	(942, 6, 782),
	(953, 9, 782),
	(955, 1, 782),
	(1001, 6, 782),
	(1025, 1, 782),
	(1040, 6, 782),
	(1043, 4, 782),
	(1065, 15, 782),
	(1069, 15, 782),
	(1148, 5, 782),
	(1158, 7, 782),
	(1166, 6, 782),
	(1167, 10, 782),
	(1263, 3, 782),
	(551, 19, 783),
	(587, 8, 783),
	(608, 16, 783),
	(616, 10, 783),
	(617, 7, 783),
	(681, 7, 783),
	(708, 18, 783),
	(710, 14, 783),
	(864, 4, 783),
	(925, 18, 783),
	(943, 15, 783),
	(984, 14, 783),
	(987, 14, 783),
	(1008, 18, 783),
	(1026, 18, 783),
	(1044, 3, 783),
	(1045, 4, 783),
	(1062, 19, 783),
	(1074, 18, 783),
	(1075, 14, 783),
	(1078, 10, 783),
	(1089, 8, 783),
	(1096, 1, 783),
	(1135, 10, 783),
	(1170, 16, 783),
	(1226, 2, 783),
	(1233, 18, 783),
	(1275, 13, 789),
	(895, 17, 792),
	(1125, 9, 792),
	(1126, 11, 792),
	(1240, 10, 792),
	(1278, 12, 792),
	(1064, 15, 796),
	(556, 12, 797),
	(748, 8, 797),
	(753, 12, 797),
	(931, 8, 797),
	(990, 8, 797),
	(1011, 12, 797),
	(1043, 8, 797),
	(1151, 16, 797),
	(1163, 8, 797),
	(1207, 12, 797),
	(863, 6, 799),
	(868, 11, 799),
	(944, 6, 799),
	(1246, 14, 799),
	(768, 6, 810),
	(773, 17, 810),
	(842, 9, 810),
	(1007, 11, 810),
	(1054, 6, 810),
	(1079, 10, 810),
	(1118, 11, 810),
	(1153, 3, 810),
	(925, 13, 816),
	(1039, 11, 816),
	(1181, 9, 816),
	(962, 16, 820),
	(1217, 16, 820),
	(1257, 13, 820),
	(1276, 8, 820),
	(1162, 1, 822),
	(1229, 11, 822),
	(1171, 15, 823),
	(1202, 2, 823),
	(1203, 3, 823),
	(739, 7, 825),
	(1094, 13, 825),
	(1192, 7, 825),
	(114, 15, 835),
	(115, 9, 835),
	(118, 8, 835),
	(164, 16, 835),
	(180, 6, 835),
	(203, 19, 835),
	(219, 12, 835),
	(224, 3, 835),
	(262, 13, 835),
	(276, 9, 835),
	(282, 16, 835),
	(314, 16, 835),
	(338, 14, 835),
	(379, 1, 835),
	(379, 16, 835),
	(419, 3, 835),
	(433, 13, 835),
	(477, 4, 835),
	(503, 10, 835),
	(514, 2, 835),
	(542, 5, 835),
	(554, 12, 835),
	(578, 19, 835),
	(588, 3, 835),
	(663, 9, 835),
	(676, 19, 835),
	(692, 15, 835),
	(693, 14, 835),
	(703, 16, 835),
	(752, 13, 835),
	(783, 11, 835),
	(793, 4, 835),
	(831, 8, 835),
	(833, 16, 835),
	(903, 12, 835),
	(904, 12, 835),
	(909, 12, 835),
	(1021, 17, 835),
	(1026, 18, 835),
	(1035, 18, 835),
	(1107, 18, 835),
	(1111, 15, 835),
	(1112, 2, 835),
	(1121, 18, 835),
	(1164, 6, 835),
	(1197, 14, 835),
	(1200, 2, 835),
	(1230, 13, 835),
	(1271, 10, 835),
	(333, 10, 837),
	(336, 2, 837),
	(374, 10, 837),
	(468, 11, 837),
	(484, 5, 837),
	(605, 7, 837),
	(626, 3, 837),
	(683, 3, 837),
	(780, 11, 837),
	(819, 9, 837),
	(847, 6, 837),
	(920, 1, 837),
	(1030, 9, 837),
	(1044, 11, 837),
	(1094, 13, 837),
	(1114, 4, 837),
	(1138, 14, 837),
	(1251, 11, 837),
	(773, 17, 841),
	(849, 17, 841),
	(1011, 17, 841),
	(664, 8, 848),
	(713, 13, 848),
	(847, 13, 848),
	(883, 8, 848),
	(909, 16, 848),
	(1105, 8, 848),
	(1142, 16, 848),
	(1147, 12, 848),
	(1149, 8, 848),
	(1178, 8, 848),
	(1194, 16, 848),
	(1235, 2, 852),
	(1252, 1, 852),
	(1267, 6, 852),
	(807, 18, 854),
	(808, 1, 854),
	(844, 15, 854),
	(867, 17, 854),
	(872, 12, 854),
	(897, 9, 854),
	(899, 5, 854),
	(918, 10, 854),
	(930, 18, 854),
	(931, 3, 854),
	(950, 15, 854),
	(956, 11, 854),
	(1001, 6, 854),
	(1010, 8, 854),
	(1018, 2, 854),
	(1019, 17, 854),
	(1054, 2, 854),
	(1084, 8, 854),
	(1098, 1, 854),
	(1149, 8, 854),
	(1181, 16, 854),
	(1182, 18, 854),
	(1184, 15, 854),
	(1204, 13, 854),
	(1257, 2, 854),
	(1260, 19, 854),
	(1269, 9, 854),
	(524, 17, 855),
	(708, 18, 855),
	(1251, 18, 855),
	(650, 15, 858),
	(965, 15, 858),
	(813, 14, 860),
	(830, 12, 860),
	(1027, 10, 860),
	(1196, 3, 860),
	(789, 20, 862),
	(794, 20, 862),
	(912, 20, 862),
	(970, 20, 862),
	(1021, 20, 862),
	(1269, 20, 862);